=> Booting Puma
=> Rails 8.0.5 application starting in development
=> Run `bin/rails server --help` for more startup options
Use 'before_worker_boot', 'on_worker_boot' is deprecated and will be removed in v8
[309711] Puma starting in cluster mode...
[309711] * Puma version: 7.1.0 ("Neon Witch")
[309711] * Ruby version: ruby 3.2.3 (2024-01-18 revision 52bb2ac0a6) [x86_64-linux-gnu]
[309711] *  Min threads: 5
[309711] *  Max threads: 5
[309711] *  Environment: development
[309711] *   Master PID: 309711
[309711] *      Workers: 2
[309711] *     Restarts: (✔) hot (✖) phased (✖) refork
[309711] * Preloading application
[309711] * Listening on http://127.0.0.1:3000
[309711] * Listening on http://[::1]:3000
[309711] Use Ctrl-C to stop
[309711] - Worker 0 (PID: 310785) booted in 0.01s, phase: 0
[309711] - Worker 1 (PID: 310789) booted in 0.0s, phase: 0
Started GET "/users/sign_in" for ::1 at 2026-04-13 11:31:21 +0000
  [1m[36mActiveRecord::SchemaMigration Load (0.2ms)[0m  [1m[34mSELECT "schema_migrations"."version" FROM "schema_migrations" ORDER BY "schema_migrations"."version" ASC[0m
Processing by SessionsController#new as HTML
  Rendering layout layouts/application.html.haml
  Rendering devise/sessions/new.html.haml within layouts/application
  [1m[36mSetting Load (0.2ms)[0m  [1m[34mSELECT "settings".* FROM "settings" WHERE "settings"."name" = ? LIMIT ?[0m  [["name", "user_signup"], ["LIMIT", 1]]
  ↳ app/models/setting.rb:61:in `[]'
  Rendered devise/sessions/new.html.haml within layouts/application (Duration: 29.6ms | GC: 1.3ms)
autoprefixer: /app/app/assets/stylesheets/application.css.erb:12654:3: Gradient has outdated direction syntax. New syntax is like `to left` instead of `right`.
autoprefixer: /app/app/assets/stylesheets/common.scss:1060:3: Gradient has outdated direction syntax. New syntax is like `to left` instead of `right`.
  Rendered layouts/_header.html.haml (Duration: 6.1ms | GC: 0.0ms)
  Rendered layouts/_about.html.haml (Duration: 6.8ms | GC: 0.0ms)
  Rendered layouts/_footer.html.haml (Duration: 11.1ms | GC: 0.0ms)
  Rendered layouts/_tabless.html.haml (Duration: 14.5ms | GC: 0.0ms)
  [1m[36mSetting Load (0.2ms)[0m  [1m[34mSELECT "settings".* FROM "settings" WHERE "settings"."name" = ? LIMIT ?[0m  [["name", "base_url"], ["LIMIT", 1]]
  ↳ app/models/setting.rb:61:in `[]'
  Rendered layout layouts/application.html.haml (Duration: 4466.3ms | GC: 348.3ms)
Completed 200 OK in 4667ms (Views: 4564.9ms | ActiveRecord: 6.6ms (2 queries, 0 cached) | GC: 403.1ms)


Started GET "/home/timezone?offset=0" for ::1 at 2026-04-13 11:31:28 +0000
Processing by HomeController#timezone as */*
  Parameters: {"offset"=>"0"}
Completed 200 OK in 365ms (ActiveRecord: 0.0ms (0 queries, 0 cached) | GC: 23.7ms)


Started POST "/users/sign_in" for ::1 at 2026-04-13 11:31:29 +0000
Processing by SessionsController#create as HTML
  Parameters: {"authenticity_token"=>"[FILTERED]", "user"=>{"email"=>"admin@example.com", "password"=>"[FILTERED]", "remember_me"=>"0"}, "commit"=>"Login"}
  [1m[36mUser Load (0.4ms)[0m  [1m[34mSELECT "users".* FROM "users" WHERE (lower(username) = ? OR lower(email) = ?) ORDER BY "users"."id" ASC LIMIT ?[0m  [[nil, "admin@example.com"], [nil, "admin@example.com"], ["LIMIT", 1]]
  ↳ app/models/users/user.rb:219:in `find_for_database_authentication'
  [1m[36mTRANSACTION (0.2ms)[0m  [1m[36mBEGIN immediate TRANSACTION[0m
  ↳ app/controllers/application_controller.rb:233:in `current_user'
  [1m[36mUser Update (2.4ms)[0m  [1m[33mUPDATE "users" SET "last_sign_in_at" = ?, "current_sign_in_at" = ?, "last_sign_in_ip" = ?, "current_sign_in_ip" = ?, "sign_in_count" = ?, "updated_at" = ? WHERE "users"."id" = ?[0m  [["last_sign_in_at", "2026-04-13 11:31:29.357036"], ["current_sign_in_at", "2026-04-13 11:31:29.357036"], ["last_sign_in_ip", "::1"], ["current_sign_in_ip", "::1"], ["sign_in_count", 1], ["updated_at", "2026-04-13 11:31:29.358436"], ["id", 1]]
  ↳ app/controllers/application_controller.rb:233:in `current_user'
  [1m[36mVersion Create (1.7ms)[0m  [1m[32mINSERT INTO "versions" ("item_type", "item_id", "event", "whodunnit", "object", "created_at", "object_changes", "related_id", "related_type", "transaction_id") VALUES (?, ?, ?, ?, ?, ?, ?, ?, ?, ?) RETURNING "id"[0m  [["item_type", "User"], ["item_id", 1], ["event", "update"], ["whodunnit", nil], ["object", "---\nlast_sign_in_at:\ncurrent_sign_in_at:\nlast_sign_in_ip:\ncurrent_sign_in_ip:\nsign_in_count: 0\nid: 1\nusername: admin\nemail: admin@example.com\nfirst_name:\nlast_name:\ntitle:\ncompany:\nalt_email:\nphone:\nmobile:\ngoogle:\nencrypted_password: 5ac7e2049cbb991f1c9f3cf876402b8d3028751ed5037021fafc1ca9ecadf2d16e287335650d809701bc716ebcd0f0db683151bcb14be775dc1959ddc70343da\npassword_salt: 1QnD2cEw2W1da6H9CzWq\ndeleted_at:\ncreated_at: !ruby/object:ActiveSupport::TimeWithZone\n  utc: 2026-04-13 11:30:01.303298000 Z\n  zone: &1 !ruby/object:ActiveSupport::TimeZone\n    name: Etc/UTC\n  time: 2026-04-13 11:30:01.303298000 Z\nupdated_at: !ruby/object:ActiveSupport::TimeWithZone\n  utc: 2026-04-13 11:30:01.303298000 Z\n  zone: *1\n  time: 2026-04-13 11:30:01.303298000 Z\nadmin: true\nsuspended_at:\nunconfirmed_email:\nreset_password_token:\nreset_password_sent_at:\nremember_token:\nremember_created_at:\nauthentication_token:\nconfirmation_token:\nconfirmed_at: !ruby/object:ActiveSupport::TimeWithZone\n  utc: 2026-04-13 11:30:01.268887000 Z\n  zone: *1\n  time: 2026-04-13 11:30:01.268887000 Z\nconfirmation_sent_at:\nsubscribe_to_comment_replies: true\nreceive_assigned_notifications: true\nzoom:\nteams:\nsignal:\ninstagram:\nfacebook:\nmastodon:\nbluesky:\ntwitter:\nlinkedin:\nblog:\n"], ["created_at", "2026-04-13 11:31:29.358436"], ["object_changes", "---\ncurrent_sign_in_at:\n-\n- !ruby/object:ActiveSupport::TimeWithZone\n  utc: 2026-04-13 11:31:29.357036961 Z\n  zone: &1 !ruby/object:ActiveSupport::TimeZone\n    name: Etc/UTC\n  time: 2026-04-13 11:31:29.357036961 Z\nlast_sign_in_ip:\n-\n- \"::1\"\ncurrent_sign_in_ip:\n-\n- \"::1\"\nsign_in_count:\n- 0\n- 1\nupdated_at:\n- !ruby/object:ActiveSupport::TimeWithZone\n  utc: 2026-04-13 11:30:01.303298000 Z\n  zone: *1\n  time: 2026-04-13 11:30:01.303298000 Z\n- !ruby/object:ActiveSupport::TimeWithZone\n  utc: 2026-04-13 11:31:29.358436374 Z\n  zone: *1\n  time: 2026-04-13 11:31:29.358436374 Z\n"], ["related_id", nil], ["related_type", nil], ["transaction_id", nil]]
  ↳ app/controllers/application_controller.rb:233:in `current_user'
  [1m[36mTRANSACTION (3.6ms)[0m  [1m[36mCOMMIT TRANSACTION[0m
  ↳ app/controllers/application_controller.rb:233:in `current_user'
  [1m[36mPreference Load (0.2ms)[0m  [1m[34mSELECT "preferences".* FROM "preferences" WHERE "preferences"."name" = ? AND "preferences"."user_id" = ? LIMIT ?[0m  [["name", "locale"], ["user_id", 1], ["LIMIT", 1]]
  ↳ app/models/users/preference.rb:30:in `[]'
  [1m[36mSetting Load (0.2ms)[0m  [1m[34mSELECT "settings".* FROM "settings" WHERE "settings"."name" = ? LIMIT ?[0m  [["name", "locale"], ["LIMIT", 1]]
  ↳ app/models/setting.rb:61:in `[]'
Redirected to http://localhost:3000/
Completed 302 Found in 314ms (ActiveRecord: 12.3ms (5 queries, 0 cached) | GC: 19.2ms)


Started GET "/" for ::1 at 2026-04-13 11:31:29 +0000
Processing by HomeController#index as HTML
  [1m[36mUser Load (0.4ms)[0m  [1m[34mSELECT "users".* FROM "users" WHERE "users"."id" = ? ORDER BY "users"."id" ASC LIMIT ?[0m  [["id", 1], ["LIMIT", 1]]
  [1m[36mPreference Load (0.1ms)[0m  [1m[34mSELECT "preferences".* FROM "preferences" WHERE "preferences"."name" = ? AND "preferences"."user_id" = ? LIMIT ?[0m  [["name", "locale"], ["user_id", 1], ["LIMIT", 1]]
  ↳ app/models/users/preference.rb:30:in `[]'
  [1m[36mSetting Load (0.1ms)[0m  [1m[34mSELECT "settings".* FROM "settings" WHERE "settings"."name" = ? LIMIT ?[0m  [["name", "locale"], ["LIMIT", 1]]
  ↳ app/models/setting.rb:61:in `[]'
  [1m[36mPreference Load (0.1ms)[0m  [1m[34mSELECT "preferences".* FROM "preferences" WHERE "preferences"."name" = ? AND "preferences"."user_id" = ? LIMIT ?[0m  [["name", "activity_asset"], ["user_id", 1], ["LIMIT", 1]]
  ↳ app/models/users/preference.rb:30:in `[]'
  [1m[36mPreference Load (0.1ms)[0m  [1m[34mSELECT "preferences".* FROM "preferences" WHERE "preferences"."name" = ? AND "preferences"."user_id" = ? LIMIT ?[0m  [["name", "activity_event"], ["user_id", 1], ["LIMIT", 1]]
  ↳ app/models/users/preference.rb:30:in `[]'
  [1m[36mPreference Load (0.1ms)[0m  [1m[34mSELECT "preferences".* FROM "preferences" WHERE "preferences"."name" = ? AND "preferences"."user_id" = ? LIMIT ?[0m  [["name", "activity_user"], ["user_id", 1], ["LIMIT", 1]]
  ↳ app/models/users/preference.rb:30:in `[]'
  [1m[36mPreference Load (0.1ms)[0m  [1m[34mSELECT "preferences".* FROM "preferences" WHERE "preferences"."name" = ? AND "preferences"."user_id" = ? LIMIT ?[0m  [["name", "activity_duration"], ["user_id", 1], ["LIMIT", 1]]
  ↳ app/models/users/preference.rb:30:in `[]'
  [1m[36mVersion Load (0.3ms)[0m  [1m[34mSELECT "versions".* FROM "versions" WHERE (versions.created_at >= ?) ORDER BY created_at DESC LIMIT ?[0m  [[nil, "2026-04-11 11:31:29.644830"], ["LIMIT", 500]]
  ↳ app/models/polymorphic/version.rb:66:in `visible_to'
  [1m[36mUser Load (0.5ms)[0m  [1m[34mSELECT "users".* FROM "users" WHERE "users"."id" = ?[0m  [["id", nil]]
  ↳ app/models/polymorphic/version.rb:66:in `visible_to'
  [1m[36mUser Load (0.1ms)[0m  [1m[34mSELECT "users".* FROM "users" WHERE "users"."id" = ?[0m  [["id", 1]]
  ↳ app/models/polymorphic/version.rb:66:in `visible_to'
  Rendering layout layouts/application.html.haml
  Rendering home/index.html.haml within layouts/application
  Rendered shared/_inline_styles.html.haml (Duration: 3.0ms | GC: 0.3ms)
  [1m[36mTask Exists? (0.2ms)[0m  [1m[34mSELECT 1 AS one FROM "tasks" WHERE ((user_id = ? AND assigned_to IS NULL) OR assigned_to = ?) AND (completed_at IS NULL) LIMIT ?[0m  [[nil, 1], [nil, 1], ["LIMIT", 1]]
  ↳ app/views/home/index.html.haml:7
  [1m[36mOpportunity Exists? (0.1ms)[0m  [1m[34mSELECT 1 AS one FROM "opportunities" WHERE ((user_id = ? AND assigned_to IS NULL) OR assigned_to = ?) AND (opportunities.stage != 'won') AND (opportunities.stage != 'lost') LIMIT ?[0m  [[nil, 1], [nil, 1], ["LIMIT", 1]]
  ↳ app/views/home/index.html.haml:16
  [1m[36mAccount Exists? (0.1ms)[0m  [1m[34mSELECT 1 AS one FROM "accounts" WHERE ((user_id = ? AND assigned_to IS NULL) OR assigned_to = ?) LIMIT ?[0m  [[nil, 1], [nil, 1], ["LIMIT", 1]]
  ↳ app/views/home/index.html.haml:25
  Rendered collection of home/_activity.html.haml [2 times] (Duration: 15.6ms | GC: 0.0ms)
  Rendered shared/_export.html.haml (Duration: 4.0ms | GC: 0.0ms)
  Rendered home/index.html.haml within layouts/application (Duration: 444.1ms | GC: 5.9ms)
  Rendered layouts/_jumpbox.html.haml (Duration: 5.9ms | GC: 0.4ms)
  Rendered layouts/_header.html.haml (Duration: 14.3ms | GC: 1.2ms)
  [1m[36mSetting Load (0.2ms)[0m  [1m[34mSELECT "settings".* FROM "settings" WHERE "settings"."name" = ? LIMIT ?[0m  [["name", "tabs"], ["LIMIT", 1]]
  ↳ app/models/setting.rb:61:in `[]'
  [1m[36mList Exists? (0.2ms)[0m  [1m[34mSELECT 1 AS one FROM "lists" WHERE "lists"."user_id" IS NULL LIMIT ?[0m  [["LIMIT", 1]]
  ↳ app/views/lists/_sidebar.html.haml:7
  Rendered lists/_sidebar.html.haml (Duration: 28.8ms | GC: 1.0ms)
  [1m[36mList Exists? (0.2ms)[0m  [1m[34mSELECT 1 AS one FROM "lists" WHERE "lists"."user_id" = ? LIMIT ?[0m  [["user_id", 1], ["LIMIT", 1]]
  ↳ app/views/lists/_sidebar.html.haml:7
  Rendered lists/_sidebar.html.haml (Duration: 21.9ms | GC: 0.6ms)
  Rendered lists/_lists.html.haml (Duration: 60.1ms | GC: 2.0ms)
  [1m[36mVersion Exists? (0.2ms)[0m  [1m[34mSELECT 1 AS one FROM "versions" WHERE "versions"."whodunnit" = ? AND "versions"."item_type" IN (?, ?, ?, ?, ?) LIMIT ? OFFSET ?[0m  [["whodunnit", "1"], ["item_type", "Account"], ["item_type", "Campaign"], ["item_type", "Contact"], ["item_type", "Lead"], ["item_type", "Opportunity"], ["LIMIT", 1], ["OFFSET", 0]]
  ↳ app/models/polymorphic/version.rb:37:in `recent_for_user'
  Rendered shared/_recently.html.haml (Duration: 6.2ms | GC: 0.2ms)
  Rendered layouts/_sidebar.html.haml (Duration: 72.0ms | GC: 2.6ms)
  Rendered layouts/_tabbed.html.haml (Duration: 83.5ms | GC: 3.1ms)
  Rendered layouts/_about.html.haml (Duration: 7.7ms | GC: 0.7ms)
  Rendered layouts/_footer.html.haml (Duration: 13.1ms | GC: 0.9ms)
  [1m[36mSetting Load (0.1ms)[0m  [1m[34mSELECT "settings".* FROM "settings" WHERE "settings"."name" = ? LIMIT ?[0m  [["name", "base_url"], ["LIMIT", 1]]
  ↳ app/models/setting.rb:61:in `[]'
  Rendered layout layouts/application.html.haml (Duration: 707.1ms | GC: 34.5ms)
Completed 200 OK in 752ms (Views: 711.2ms | ActiveRecord: 4.2ms (18 queries, 0 cached) | GC: 35.8ms)


Started GET "/profile" for ::1 at 2026-04-13 11:31:31 +0000
Processing by UsersController#show as HTML
  [1m[36mUser Load (0.2ms)[0m  [1m[34mSELECT "users".* FROM "users" WHERE "users"."id" = ? ORDER BY "users"."id" ASC LIMIT ?[0m  [["id", 1], ["LIMIT", 1]]
  [1m[36mPreference Load (0.2ms)[0m  [1m[34mSELECT "preferences".* FROM "preferences" WHERE "preferences"."name" = ? AND "preferences"."user_id" = ? LIMIT ?[0m  [["name", "locale"], ["user_id", 1], ["LIMIT", 1]]
  ↳ app/models/users/preference.rb:30:in `[]'
  [1m[36mSetting Load (0.1ms)[0m  [1m[34mSELECT "settings".* FROM "settings" WHERE "settings"."name" = ? LIMIT ?[0m  [["name", "locale"], ["LIMIT", 1]]
  ↳ app/models/setting.rb:61:in `[]'
  [1m[36mSetting Load (0.1ms)[0m  [1m[34mSELECT "settings".* FROM "settings" WHERE "settings"."name" = ? LIMIT ?[0m  [["name", "user_signup"], ["LIMIT", 1]]
  ↳ app/models/setting.rb:61:in `[]'
  [1m[36mFieldGroup Load (0.2ms)[0m  [1m[34mSELECT "field_groups".* FROM "field_groups" WHERE "field_groups"."klass_name" = ? ORDER BY "field_groups"."position" ASC[0m  [["klass_name", "Campaign"]]
  ↳ lib/fat_free_crm/fields.rb:37:in `map'
  Rendering layout layouts/application.html.haml
  Rendering users/show.html.haml within layouts/application
  [1m[36mSetting Load (0.2ms)[0m  [1m[34mSELECT "settings".* FROM "settings" WHERE "settings"."name" = ? LIMIT ?[0m  [["name", "per_user_locale"], ["LIMIT", 1]]
  ↳ app/models/setting.rb:61:in `[]'
  [1m[36mAvatar Load (0.1ms)[0m  [1m[34mSELECT "avatars".* FROM "avatars" WHERE "avatars"."entity_id" = ? AND "avatars"."entity_type" = ? LIMIT ?[0m  [["entity_id", 1], ["entity_type", "User"], ["LIMIT", 1]]
  ↳ app/helpers/application_helper.rb:368:in `avatar_for'
  Rendered users/_user.html.haml (Duration: 16.3ms | GC: 0.0ms)
  Rendered users/show.html.haml within layouts/application (Duration: 24.4ms | GC: 0.0ms)
  Rendered layouts/_jumpbox.html.haml (Duration: 0.5ms | GC: 0.0ms)
  Rendered layouts/_header.html.haml (Duration: 1.3ms | GC: 0.0ms)
  [1m[36mList Exists? (0.2ms)[0m  [1m[34mSELECT 1 AS one FROM "lists" WHERE "lists"."user_id" IS NULL LIMIT ?[0m  [["LIMIT", 1]]
  ↳ app/views/lists/_sidebar.html.haml:7
  Rendered lists/_sidebar.html.haml (Duration: 3.5ms | GC: 0.0ms)
  [1m[36mList Exists? (0.2ms)[0m  [1m[34mSELECT 1 AS one FROM "lists" WHERE "lists"."user_id" = ? LIMIT ?[0m  [["user_id", 1], ["LIMIT", 1]]
  ↳ app/views/lists/_sidebar.html.haml:7
  Rendered lists/_sidebar.html.haml (Duration: 2.8ms | GC: 0.0ms)
  Rendered lists/_lists.html.haml (Duration: 6.9ms | GC: 0.0ms)
  [1m[36mVersion Exists? (0.2ms)[0m  [1m[34mSELECT 1 AS one FROM "versions" WHERE "versions"."whodunnit" = ? AND "versions"."item_type" IN (?, ?, ?, ?, ?) LIMIT ? OFFSET ?[0m  [["whodunnit", "1"], ["item_type", "Account"], ["item_type", "Campaign"], ["item_type", "Contact"], ["item_type", "Lead"], ["item_type", "Opportunity"], ["LIMIT", 1], ["OFFSET", 0]]
  ↳ app/models/polymorphic/version.rb:37:in `recent_for_user'
  Rendered shared/_recently.html.haml (Duration: 1.9ms | GC: 0.0ms)
  Rendered layouts/_sidebar.html.haml (Duration: 9.2ms | GC: 0.0ms)
  Rendered layouts/_tabbed.html.haml (Duration: 11.0ms | GC: 0.0ms)
  Rendered layouts/_about.html.haml (Duration: 0.4ms | GC: 0.0ms)
  Rendered layouts/_footer.html.haml (Duration: 1.1ms | GC: 0.0ms)
  [1m[36mSetting Load (0.1ms)[0m  [1m[34mSELECT "settings".* FROM "settings" WHERE "settings"."name" = ? LIMIT ?[0m  [["name", "base_url"], ["LIMIT", 1]]
  ↳ app/models/setting.rb:61:in `[]'
  Rendered layout layouts/application.html.haml (Duration: 94.3ms | GC: 0.0ms)
Completed 200 OK in 129ms (Views: 94.7ms | ActiveRecord: 2.8ms (11 queries, 0 cached) | GC: 0.0ms)


Started GET "/oauth/applications" for ::1 at 2026-04-13 11:31:33 +0000
Processing by Doorkeeper::ApplicationsController#index as HTML
  [1m[36mUser Load (0.2ms)[0m  [1m[34mSELECT "users".* FROM "users" WHERE "users"."id" = ? ORDER BY "users"."id" ASC LIMIT ?[0m  [["id", 1], ["LIMIT", 1]]
  Rendering layout vendor/bundle/ruby/3.2.0/gems/doorkeeper-5.9.0/app/views/layouts/doorkeeper/admin.html.erb
  Rendering vendor/bundle/ruby/3.2.0/gems/doorkeeper-5.9.0/app/views/doorkeeper/applications/index.html.erb within layouts/doorkeeper/admin
  [1m[36mDoorkeeper::Application Load (0.2ms)[0m  [1m[34mSELECT "oauth_applications".* FROM "oauth_applications" ORDER BY "oauth_applications"."created_at" ASC[0m
  Rendered vendor/bundle/ruby/3.2.0/gems/doorkeeper-5.9.0/app/views/doorkeeper/applications/index.html.erb within layouts/doorkeeper/admin (Duration: 3.6ms | GC: 0.0ms)
  Rendered layout vendor/bundle/ruby/3.2.0/gems/doorkeeper-5.9.0/app/views/layouts/doorkeeper/admin.html.erb (Duration: 57.5ms | GC: 12.9ms)
Completed 200 OK in 67ms (Views: 59.4ms | ActiveRecord: 0.7ms (2 queries, 0 cached) | GC: 12.9ms)


Started GET "/users/sign_in" for ::1 at 2026-04-13 11:34:32 +0000
Processing by SessionsController#new as HTML
  Rendering layout layouts/application.html.haml
  Rendering devise/sessions/new.html.haml within layouts/application
  [1m[36mSetting Load (0.5ms)[0m  [1m[34mSELECT "settings".* FROM "settings" WHERE "settings"."name" = ? LIMIT ?[0m  [["name", "user_signup"], ["LIMIT", 1]]
  ↳ app/models/setting.rb:44:in `method_missing'
  Rendered devise/sessions/new.html.haml within layouts/application (Duration: 59.1ms | GC: 0.0ms)
  Rendered layouts/_header.html.haml (Duration: 17.8ms | GC: 0.0ms)
  Rendered layouts/_about.html.haml (Duration: 18.7ms | GC: 0.0ms)
  Rendered layouts/_footer.html.haml (Duration: 29.6ms | GC: 0.0ms)
  Rendered layouts/_tabless.html.haml (Duration: 38.5ms | GC: 0.0ms)
  [1m[36mSetting Load (0.3ms)[0m  [1m[34mSELECT "settings".* FROM "settings" WHERE "settings"."name" = ? LIMIT ?[0m  [["name", "base_url"], ["LIMIT", 1]]
  ↳ app/models/setting.rb:61:in `[]'
  Rendered layout layouts/application.html.haml (Duration: 347.8ms | GC: 0.0ms)
Completed 200 OK in 445ms (Views: 366.1ms | ActiveRecord: 7.6ms (2 queries, 0 cached) | GC: 0.0ms)


Started GET "/home/timezone?offset=0" for ::1 at 2026-04-13 11:34:34 +0000
Processing by HomeController#timezone as */*
  Parameters: {"offset"=>"0"}
Completed 200 OK in 432ms (ActiveRecord: 0.0ms (0 queries, 0 cached) | GC: 51.1ms)


Started POST "/users/sign_in" for ::1 at 2026-04-13 11:34:35 +0000
Processing by SessionsController#create as HTML
  Parameters: {"authenticity_token"=>"[FILTERED]", "user"=>{"email"=>"admin@example.com", "password"=>"[FILTERED]", "remember_me"=>"0"}, "commit"=>"Login"}
  [1m[36mUser Load (1.3ms)[0m  [1m[34mSELECT "users".* FROM "users" WHERE (lower(username) = ? OR lower(email) = ?) ORDER BY "users"."id" ASC LIMIT ?[0m  [[nil, "admin@example.com"], [nil, "admin@example.com"], ["LIMIT", 1]]
  ↳ app/models/users/user.rb:219:in `find_for_database_authentication'
  [1m[36mTRANSACTION (0.3ms)[0m  [1m[36mBEGIN immediate TRANSACTION[0m
  ↳ app/controllers/application_controller.rb:233:in `current_user'
  [1m[36mUser Update (3.5ms)[0m  [1m[33mUPDATE "users" SET "current_sign_in_at" = ?, "sign_in_count" = ?, "updated_at" = ? WHERE "users"."id" = ?[0m  [["current_sign_in_at", "2026-04-13 11:34:35.664617"], ["sign_in_count", 2], ["updated_at", "2026-04-13 11:34:35.666021"], ["id", 1]]
  ↳ app/controllers/application_controller.rb:233:in `current_user'
  [1m[36mVersion Create (0.7ms)[0m  [1m[32mINSERT INTO "versions" ("item_type", "item_id", "event", "whodunnit", "object", "created_at", "object_changes", "related_id", "related_type", "transaction_id") VALUES (?, ?, ?, ?, ?, ?, ?, ?, ?, ?) RETURNING "id"[0m  [["item_type", "User"], ["item_id", 1], ["event", "update"], ["whodunnit", nil], ["object", "---\nlast_sign_in_at: !ruby/object:ActiveSupport::TimeWithZone\n  utc: 2026-04-13 11:31:29.357036000 Z\n  zone: &1 !ruby/object:ActiveSupport::TimeZone\n    name: Etc/UTC\n  time: 2026-04-13 11:31:29.357036000 Z\ncurrent_sign_in_at: !ruby/object:ActiveSupport::TimeWithZone\n  utc: 2026-04-13 11:31:29.357036000 Z\n  zone: *1\n  time: 2026-04-13 11:31:29.357036000 Z\nlast_sign_in_ip: \"::1\"\ncurrent_sign_in_ip: \"::1\"\nsign_in_count: 1\nid: 1\nusername: admin\nemail: admin@example.com\nfirst_name:\nlast_name:\ntitle:\ncompany:\nalt_email:\nphone:\nmobile:\ngoogle:\nencrypted_password: 5ac7e2049cbb991f1c9f3cf876402b8d3028751ed5037021fafc1ca9ecadf2d16e287335650d809701bc716ebcd0f0db683151bcb14be775dc1959ddc70343da\npassword_salt: 1QnD2cEw2W1da6H9CzWq\ndeleted_at:\ncreated_at: !ruby/object:ActiveSupport::TimeWithZone\n  utc: 2026-04-13 11:30:01.303298000 Z\n  zone: *1\n  time: 2026-04-13 11:30:01.303298000 Z\nupdated_at: !ruby/object:ActiveSupport::TimeWithZone\n  utc: 2026-04-13 11:31:29.358436000 Z\n  zone: *1\n  time: 2026-04-13 11:31:29.358436000 Z\nadmin: true\nsuspended_at:\nunconfirmed_email:\nreset_password_token:\nreset_password_sent_at:\nremember_token:\nremember_created_at:\nauthentication_token:\nconfirmation_token:\nconfirmed_at: !ruby/object:ActiveSupport::TimeWithZone\n  utc: 2026-04-13 11:30:01.268887000 Z\n  zone: *1\n  time: 2026-04-13 11:30:01.268887000 Z\nconfirmation_sent_at:\nsubscribe_to_comment_replies: true\nreceive_assigned_notifications: true\nzoom:\nteams:\nsignal:\ninstagram:\nfacebook:\nmastodon:\nbluesky:\ntwitter:\nlinkedin:\nblog:\n"], ["created_at", "2026-04-13 11:34:35.666021"], ["object_changes", "---\ncurrent_sign_in_at:\n- !ruby/object:ActiveSupport::TimeWithZone\n  utc: 2026-04-13 11:31:29.357036000 Z\n  zone: &1 !ruby/object:ActiveSupport::TimeZone\n    name: Etc/UTC\n  time: 2026-04-13 11:31:29.357036000 Z\n- !ruby/object:ActiveSupport::TimeWithZone\n  utc: 2026-04-13 11:34:35.664617902 Z\n  zone: *1\n  time: 2026-04-13 11:34:35.664617902 Z\nsign_in_count:\n- 1\n- 2\nupdated_at:\n- !ruby/object:ActiveSupport::TimeWithZone\n  utc: 2026-04-13 11:31:29.358436000 Z\n  zone: *1\n  time: 2026-04-13 11:31:29.358436000 Z\n- !ruby/object:ActiveSupport::TimeWithZone\n  utc: 2026-04-13 11:34:35.666021430 Z\n  zone: *1\n  time: 2026-04-13 11:34:35.666021430 Z\n"], ["related_id", nil], ["related_type", nil], ["transaction_id", nil]]
  ↳ app/controllers/application_controller.rb:233:in `current_user'
  [1m[36mTRANSACTION (0.4ms)[0m  [1m[36mCOMMIT TRANSACTION[0m
  ↳ app/controllers/application_controller.rb:233:in `current_user'
  [1m[36mPreference Load (0.5ms)[0m  [1m[34mSELECT "preferences".* FROM "preferences" WHERE "preferences"."name" = ? AND "preferences"."user_id" = ? LIMIT ?[0m  [["name", "locale"], ["user_id", 1], ["LIMIT", 1]]
  ↳ app/models/users/preference.rb:30:in `[]'
  [1m[36mSetting Load (0.4ms)[0m  [1m[34mSELECT "settings".* FROM "settings" WHERE "settings"."name" = ? LIMIT ?[0m  [["name", "locale"], ["LIMIT", 1]]
  ↳ app/models/setting.rb:44:in `method_missing'
Redirected to http://localhost:3000/
Completed 302 Found in 177ms (ActiveRecord: 14.9ms (5 queries, 0 cached) | GC: 5.1ms)


Started GET "/" for ::1 at 2026-04-13 11:34:35 +0000
Processing by HomeController#index as HTML
  [1m[36mUser Load (1.8ms)[0m  [1m[34mSELECT "users".* FROM "users" WHERE "users"."id" = ? ORDER BY "users"."id" ASC LIMIT ?[0m  [["id", 1], ["LIMIT", 1]]
  [1m[36mPreference Load (0.6ms)[0m  [1m[34mSELECT "preferences".* FROM "preferences" WHERE "preferences"."name" = ? AND "preferences"."user_id" = ? LIMIT ?[0m  [["name", "locale"], ["user_id", 1], ["LIMIT", 1]]
  ↳ app/models/users/preference.rb:30:in `[]'
  [1m[36mSetting Load (0.4ms)[0m  [1m[34mSELECT "settings".* FROM "settings" WHERE "settings"."name" = ? LIMIT ?[0m  [["name", "locale"], ["LIMIT", 1]]
  ↳ app/models/setting.rb:61:in `[]'
  [1m[36mPreference Load (0.6ms)[0m  [1m[34mSELECT "preferences".* FROM "preferences" WHERE "preferences"."name" = ? AND "preferences"."user_id" = ? LIMIT ?[0m  [["name", "activity_asset"], ["user_id", 1], ["LIMIT", 1]]
  ↳ app/models/users/preference.rb:30:in `[]'
  [1m[36mPreference Load (0.8ms)[0m  [1m[34mSELECT "preferences".* FROM "preferences" WHERE "preferences"."name" = ? AND "preferences"."user_id" = ? LIMIT ?[0m  [["name", "activity_event"], ["user_id", 1], ["LIMIT", 1]]
  ↳ app/models/users/preference.rb:30:in `[]'
  [1m[36mPreference Load (0.5ms)[0m  [1m[34mSELECT "preferences".* FROM "preferences" WHERE "preferences"."name" = ? AND "preferences"."user_id" = ? LIMIT ?[0m  [["name", "activity_user"], ["user_id", 1], ["LIMIT", 1]]
  ↳ app/models/users/preference.rb:30:in `[]'
  [1m[36mPreference Load (0.9ms)[0m  [1m[34mSELECT "preferences".* FROM "preferences" WHERE "preferences"."name" = ? AND "preferences"."user_id" = ? LIMIT ?[0m  [["name", "activity_duration"], ["user_id", 1], ["LIMIT", 1]]
  ↳ app/models/users/preference.rb:30:in `[]'
  [1m[36mVersion Load (0.6ms)[0m  [1m[34mSELECT "versions".* FROM "versions" WHERE (versions.created_at >= ?) ORDER BY created_at DESC LIMIT ?[0m  [[nil, "2026-04-11 11:34:35.944758"], ["LIMIT", 500]]
  ↳ app/models/polymorphic/version.rb:66:in `visible_to'
  [1m[36mUser Load (0.5ms)[0m  [1m[34mSELECT "users".* FROM "users" WHERE "users"."id" = ?[0m  [["id", nil]]
  ↳ app/models/polymorphic/version.rb:66:in `visible_to'
  [1m[36mUser Load (0.2ms)[0m  [1m[34mSELECT "users".* FROM "users" WHERE "users"."id" = ?[0m  [["id", 1]]
  ↳ app/models/polymorphic/version.rb:66:in `visible_to'
  Rendering layout layouts/application.html.haml
  Rendering home/index.html.haml within layouts/application
  Rendered shared/_inline_styles.html.haml (Duration: 2.4ms | GC: 0.0ms)
  [1m[36mTask Exists? (0.3ms)[0m  [1m[34mSELECT 1 AS one FROM "tasks" WHERE ((user_id = ? AND assigned_to IS NULL) OR assigned_to = ?) AND (completed_at IS NULL) LIMIT ?[0m  [[nil, 1], [nil, 1], ["LIMIT", 1]]
  ↳ app/views/home/index.html.haml:7
  [1m[36mOpportunity Exists? (0.3ms)[0m  [1m[34mSELECT 1 AS one FROM "opportunities" WHERE ((user_id = ? AND assigned_to IS NULL) OR assigned_to = ?) AND (opportunities.stage != 'won') AND (opportunities.stage != 'lost') LIMIT ?[0m  [[nil, 1], [nil, 1], ["LIMIT", 1]]
  ↳ app/views/home/index.html.haml:16
  [1m[36mAccount Exists? (0.2ms)[0m  [1m[34mSELECT 1 AS one FROM "accounts" WHERE ((user_id = ? AND assigned_to IS NULL) OR assigned_to = ?) LIMIT ?[0m  [[nil, 1], [nil, 1], ["LIMIT", 1]]
  ↳ app/views/home/index.html.haml:25
  Rendered collection of home/_activity.html.haml [3 times] (Duration: 18.8ms | GC: 1.2ms)
  Rendered shared/_export.html.haml (Duration: 7.4ms | GC: 0.2ms)
  Rendered home/index.html.haml within layouts/application (Duration: 70.1ms | GC: 4.4ms)
  Rendered layouts/_jumpbox.html.haml (Duration: 17.1ms | GC: 1.3ms)
  Rendered layouts/_header.html.haml (Duration: 33.9ms | GC: 4.2ms)
  [1m[36mSetting Load (0.3ms)[0m  [1m[34mSELECT "settings".* FROM "settings" WHERE "settings"."name" = ? LIMIT ?[0m  [["name", "tabs"], ["LIMIT", 1]]
  ↳ app/models/setting.rb:61:in `[]'
  [1m[36mList Exists? (0.5ms)[0m  [1m[34mSELECT 1 AS one FROM "lists" WHERE "lists"."user_id" IS NULL LIMIT ?[0m  [["LIMIT", 1]]
  ↳ app/views/lists/_sidebar.html.haml:7
  Rendered lists/_sidebar.html.haml (Duration: 56.9ms | GC: 2.3ms)
  [1m[36mList Exists? (0.3ms)[0m  [1m[34mSELECT 1 AS one FROM "lists" WHERE "lists"."user_id" = ? LIMIT ?[0m  [["user_id", 1], ["LIMIT", 1]]
  ↳ app/views/lists/_sidebar.html.haml:7
  Rendered lists/_sidebar.html.haml (Duration: 31.0ms | GC: 1.5ms)
  Rendered lists/_lists.html.haml (Duration: 106.3ms | GC: 4.5ms)
  [1m[36mVersion Exists? (0.3ms)[0m  [1m[34mSELECT 1 AS one FROM "versions" WHERE "versions"."whodunnit" = ? AND "versions"."item_type" IN (?, ?, ?, ?, ?) LIMIT ? OFFSET ?[0m  [["whodunnit", "1"], ["item_type", "Account"], ["item_type", "Campaign"], ["item_type", "Contact"], ["item_type", "Lead"], ["item_type", "Opportunity"], ["LIMIT", 1], ["OFFSET", 0]]
  ↳ app/models/polymorphic/version.rb:37:in `recent_for_user'
  Rendered shared/_recently.html.haml (Duration: 13.3ms | GC: 1.0ms)
  Rendered layouts/_sidebar.html.haml (Duration: 129.9ms | GC: 5.9ms)
  Rendered layouts/_tabbed.html.haml (Duration: 166.3ms | GC: 8.2ms)
  Rendered layouts/_about.html.haml (Duration: 16.9ms | GC: 0.7ms)
  Rendered layouts/_footer.html.haml (Duration: 31.1ms | GC: 1.1ms)
  [1m[36mSetting Load (0.3ms)[0m  [1m[34mSELECT "settings".* FROM "settings" WHERE "settings"."name" = ? LIMIT ?[0m  [["name", "base_url"], ["LIMIT", 1]]
  ↳ app/models/setting.rb:61:in `[]'
  Rendered layout layouts/application.html.haml (Duration: 497.9ms | GC: 57.0ms)
Completed 200 OK in 661ms (Views: 503.1ms | ActiveRecord: 11.9ms (18 queries, 0 cached) | GC: 61.3ms)


Started GET "/profile" for ::1 at 2026-04-13 11:34:37 +0000
Processing by UsersController#show as HTML
  [1m[36mUser Load (0.5ms)[0m  [1m[34mSELECT "users".* FROM "users" WHERE "users"."id" = ? ORDER BY "users"."id" ASC LIMIT ?[0m  [["id", 1], ["LIMIT", 1]]
  [1m[36mPreference Load (0.2ms)[0m  [1m[34mSELECT "preferences".* FROM "preferences" WHERE "preferences"."name" = ? AND "preferences"."user_id" = ? LIMIT ?[0m  [["name", "locale"], ["user_id", 1], ["LIMIT", 1]]
  ↳ app/models/users/preference.rb:30:in `[]'
  [1m[36mSetting Load (0.3ms)[0m  [1m[34mSELECT "settings".* FROM "settings" WHERE "settings"."name" = ? LIMIT ?[0m  [["name", "locale"], ["LIMIT", 1]]
  ↳ app/models/setting.rb:61:in `[]'
  [1m[36mSetting Load (0.3ms)[0m  [1m[34mSELECT "settings".* FROM "settings" WHERE "settings"."name" = ? LIMIT ?[0m  [["name", "user_signup"], ["LIMIT", 1]]
  ↳ app/models/setting.rb:61:in `[]'
  [1m[36mFieldGroup Load (0.5ms)[0m  [1m[34mSELECT "field_groups".* FROM "field_groups" WHERE "field_groups"."klass_name" = ? ORDER BY "field_groups"."position" ASC[0m  [["klass_name", "Campaign"]]
  ↳ lib/fat_free_crm/fields.rb:37:in `map'
  Rendering layout layouts/application.html.haml
  Rendering users/show.html.haml within layouts/application
  [1m[36mSetting Load (0.3ms)[0m  [1m[34mSELECT "settings".* FROM "settings" WHERE "settings"."name" = ? LIMIT ?[0m  [["name", "per_user_locale"], ["LIMIT", 1]]
  ↳ app/models/setting.rb:61:in `[]'
  [1m[36mAvatar Load (0.4ms)[0m  [1m[34mSELECT "avatars".* FROM "avatars" WHERE "avatars"."entity_id" = ? AND "avatars"."entity_type" = ? LIMIT ?[0m  [["entity_id", 1], ["entity_type", "User"], ["LIMIT", 1]]
  ↳ app/helpers/application_helper.rb:368:in `avatar_for'
  Rendered users/_user.html.haml (Duration: 35.0ms | GC: 1.0ms)
  Rendered users/show.html.haml within layouts/application (Duration: 52.3ms | GC: 2.1ms)
  Rendered layouts/_jumpbox.html.haml (Duration: 0.9ms | GC: 0.0ms)
  Rendered layouts/_header.html.haml (Duration: 2.5ms | GC: 0.0ms)
  [1m[36mList Exists? (0.4ms)[0m  [1m[34mSELECT 1 AS one FROM "lists" WHERE "lists"."user_id" IS NULL LIMIT ?[0m  [["LIMIT", 1]]
  ↳ app/views/lists/_sidebar.html.haml:7
  Rendered lists/_sidebar.html.haml (Duration: 7.7ms | GC: 0.0ms)
  [1m[36mList Exists? (0.4ms)[0m  [1m[34mSELECT 1 AS one FROM "lists" WHERE "lists"."user_id" = ? LIMIT ?[0m  [["user_id", 1], ["LIMIT", 1]]
  ↳ app/views/lists/_sidebar.html.haml:7
  Rendered lists/_sidebar.html.haml (Duration: 6.9ms | GC: 0.7ms)
  Rendered lists/_lists.html.haml (Duration: 15.8ms | GC: 0.7ms)
  [1m[36mVersion Exists? (0.6ms)[0m  [1m[34mSELECT 1 AS one FROM "versions" WHERE "versions"."whodunnit" = ? AND "versions"."item_type" IN (?, ?, ?, ?, ?) LIMIT ? OFFSET ?[0m  [["whodunnit", "1"], ["item_type", "Account"], ["item_type", "Campaign"], ["item_type", "Contact"], ["item_type", "Lead"], ["item_type", "Opportunity"], ["LIMIT", 1], ["OFFSET", 0]]
  ↳ app/models/polymorphic/version.rb:37:in `recent_for_user'
  Rendered shared/_recently.html.haml (Duration: 3.1ms | GC: 0.0ms)
  Rendered layouts/_sidebar.html.haml (Duration: 19.6ms | GC: 0.7ms)
  Rendered layouts/_tabbed.html.haml (Duration: 24.1ms | GC: 1.5ms)
  Rendered layouts/_about.html.haml (Duration: 1.0ms | GC: 0.0ms)
  Rendered layouts/_footer.html.haml (Duration: 1.8ms | GC: 0.0ms)
  [1m[36mSetting Load (0.2ms)[0m  [1m[34mSELECT "settings".* FROM "settings" WHERE "settings"."name" = ? LIMIT ?[0m  [["name", "base_url"], ["LIMIT", 1]]
  ↳ app/models/setting.rb:61:in `[]'
  Rendered layout layouts/application.html.haml (Duration: 212.2ms | GC: 21.5ms)
Completed 200 OK in 293ms (Views: 214.0ms | ActiveRecord: 5.9ms (11 queries, 0 cached) | GC: 23.8ms)


Started GET "/oauth/applications" for ::1 at 2026-04-13 11:34:39 +0000
Processing by OauthApplicationsController#index as HTML
  [1m[36mUser Load (0.4ms)[0m  [1m[34mSELECT "users".* FROM "users" WHERE "users"."id" = ? ORDER BY "users"."id" ASC LIMIT ?[0m  [["id", 1], ["LIMIT", 1]]
  Rendering layout vendor/bundle/ruby/3.2.0/gems/doorkeeper-5.9.0/app/views/layouts/doorkeeper/admin.html.erb
  Rendering oauth_applications/index.html.haml within layouts/doorkeeper/admin
  [1m[36mDoorkeeper::Application Exists? (0.3ms)[0m  [1m[34mSELECT 1 AS one FROM "oauth_applications" WHERE "oauth_applications"."owner_id" = ? AND "oauth_applications"."owner_type" = ? LIMIT ?[0m  [["owner_id", 1], ["owner_type", "User"], ["LIMIT", 1]]
  ↳ app/views/oauth_applications/index.html.haml:7
  Rendered oauth_applications/index.html.haml within layouts/doorkeeper/admin (Duration: 17.7ms | GC: 1.5ms)
  Rendered layout vendor/bundle/ruby/3.2.0/gems/doorkeeper-5.9.0/app/views/layouts/doorkeeper/admin.html.erb (Duration: 26.9ms | GC: 1.9ms)
Completed 200 OK in 42ms (Views: 31.9ms | ActiveRecord: 1.4ms (2 queries, 0 cached) | GC: 2.4ms)


Started GET "/users/sign_in" for ::1 at 2026-04-13 11:36:39 +0000
Processing by SessionsController#new as HTML
  Rendering layout layouts/application.html.haml
  Rendering devise/sessions/new.html.haml within layouts/application
  [1m[36mSetting Load (0.2ms)[0m  [1m[34mSELECT "settings".* FROM "settings" WHERE "settings"."name" = ? LIMIT ?[0m  [["name", "user_signup"], ["LIMIT", 1]]
  ↳ app/models/setting.rb:44:in `method_missing'
  Rendered devise/sessions/new.html.haml within layouts/application (Duration: 13.6ms | GC: 0.0ms)
  Rendered layouts/_header.html.haml (Duration: 7.3ms | GC: 0.9ms)
  Rendered layouts/_about.html.haml (Duration: 7.7ms | GC: 0.9ms)
  Rendered layouts/_footer.html.haml (Duration: 12.6ms | GC: 1.2ms)
  Rendered layouts/_tabless.html.haml (Duration: 16.3ms | GC: 1.5ms)
  [1m[36mSetting Load (0.2ms)[0m  [1m[34mSELECT "settings".* FROM "settings" WHERE "settings"."name" = ? LIMIT ?[0m  [["name", "base_url"], ["LIMIT", 1]]
  ↳ app/models/setting.rb:61:in `[]'
  Rendered layout layouts/application.html.haml (Duration: 135.3ms | GC: 29.7ms)
Completed 200 OK in 249ms (Views: 225.9ms | ActiveRecord: 2.7ms (2 queries, 0 cached) | GC: 29.7ms)


Started GET "/home/timezone?offset=0" for ::1 at 2026-04-13 11:36:40 +0000
Processing by HomeController#timezone as */*
  Parameters: {"offset"=>"0"}
Completed 200 OK in 8ms (ActiveRecord: 0.0ms (0 queries, 0 cached) | GC: 0.9ms)


Started POST "/users/sign_in" for ::1 at 2026-04-13 11:36:40 +0000
Processing by SessionsController#create as HTML
  Parameters: {"authenticity_token"=>"[FILTERED]", "user"=>{"email"=>"admin@example.com", "password"=>"[FILTERED]", "remember_me"=>"0"}, "commit"=>"Login"}
  [1m[36mUser Load (0.4ms)[0m  [1m[34mSELECT "users".* FROM "users" WHERE (lower(username) = ? OR lower(email) = ?) ORDER BY "users"."id" ASC LIMIT ?[0m  [[nil, "admin@example.com"], [nil, "admin@example.com"], ["LIMIT", 1]]
  ↳ app/models/users/user.rb:219:in `find_for_database_authentication'
  [1m[36mTRANSACTION (0.1ms)[0m  [1m[36mBEGIN immediate TRANSACTION[0m
  ↳ app/controllers/application_controller.rb:233:in `current_user'
  [1m[36mUser Update (1.4ms)[0m  [1m[33mUPDATE "users" SET "last_sign_in_at" = ?, "current_sign_in_at" = ?, "sign_in_count" = ?, "updated_at" = ? WHERE "users"."id" = ?[0m  [["last_sign_in_at", "2026-04-13 11:34:35.664617"], ["current_sign_in_at", "2026-04-13 11:36:40.970670"], ["sign_in_count", 3], ["updated_at", "2026-04-13 11:36:40.971162"], ["id", 1]]
  ↳ app/controllers/application_controller.rb:233:in `current_user'
  [1m[36mVersion Create (0.3ms)[0m  [1m[32mINSERT INTO "versions" ("item_type", "item_id", "event", "whodunnit", "object", "created_at", "object_changes", "related_id", "related_type", "transaction_id") VALUES (?, ?, ?, ?, ?, ?, ?, ?, ?, ?) RETURNING "id"[0m  [["item_type", "User"], ["item_id", 1], ["event", "update"], ["whodunnit", nil], ["object", "---\nlast_sign_in_at: !ruby/object:ActiveSupport::TimeWithZone\n  utc: 2026-04-13 11:31:29.357036000 Z\n  zone: &1 !ruby/object:ActiveSupport::TimeZone\n    name: Etc/UTC\n  time: 2026-04-13 11:31:29.357036000 Z\ncurrent_sign_in_at: !ruby/object:ActiveSupport::TimeWithZone\n  utc: 2026-04-13 11:34:35.664617000 Z\n  zone: *1\n  time: 2026-04-13 11:34:35.664617000 Z\nlast_sign_in_ip: \"::1\"\ncurrent_sign_in_ip: \"::1\"\nsign_in_count: 2\nid: 1\nusername: admin\nemail: admin@example.com\nfirst_name:\nlast_name:\ntitle:\ncompany:\nalt_email:\nphone:\nmobile:\ngoogle:\nencrypted_password: 5ac7e2049cbb991f1c9f3cf876402b8d3028751ed5037021fafc1ca9ecadf2d16e287335650d809701bc716ebcd0f0db683151bcb14be775dc1959ddc70343da\npassword_salt: 1QnD2cEw2W1da6H9CzWq\ndeleted_at:\ncreated_at: !ruby/object:ActiveSupport::TimeWithZone\n  utc: 2026-04-13 11:30:01.303298000 Z\n  zone: *1\n  time: 2026-04-13 11:30:01.303298000 Z\nupdated_at: !ruby/object:ActiveSupport::TimeWithZone\n  utc: 2026-04-13 11:34:35.666021000 Z\n  zone: *1\n  time: 2026-04-13 11:34:35.666021000 Z\nadmin: true\nsuspended_at:\nunconfirmed_email:\nreset_password_token:\nreset_password_sent_at:\nremember_token:\nremember_created_at:\nauthentication_token:\nconfirmation_token:\nconfirmed_at: !ruby/object:ActiveSupport::TimeWithZone\n  utc: 2026-04-13 11:30:01.268887000 Z\n  zone: *1\n  time: 2026-04-13 11:30:01.268887000 Z\nconfirmation_sent_at:\nsubscribe_to_comment_replies: true\nreceive_assigned_notifications: true\nzoom:\nteams:\nsignal:\ninstagram:\nfacebook:\nmastodon:\nbluesky:\ntwitter:\nlinkedin:\nblog:\n"], ["created_at", "2026-04-13 11:36:40.971162"], ["object_changes", "---\ncurrent_sign_in_at:\n- !ruby/object:ActiveSupport::TimeWithZone\n  utc: 2026-04-13 11:34:35.664617000 Z\n  zone: &1 !ruby/object:ActiveSupport::TimeZone\n    name: Etc/UTC\n  time: 2026-04-13 11:34:35.664617000 Z\n- !ruby/object:ActiveSupport::TimeWithZone\n  utc: 2026-04-13 11:36:40.970670602 Z\n  zone: *1\n  time: 2026-04-13 11:36:40.970670602 Z\nsign_in_count:\n- 2\n- 3\nupdated_at:\n- !ruby/object:ActiveSupport::TimeWithZone\n  utc: 2026-04-13 11:34:35.666021000 Z\n  zone: *1\n  time: 2026-04-13 11:34:35.666021000 Z\n- !ruby/object:ActiveSupport::TimeWithZone\n  utc: 2026-04-13 11:36:40.971162039 Z\n  zone: *1\n  time: 2026-04-13 11:36:40.971162039 Z\n"], ["related_id", nil], ["related_type", nil], ["transaction_id", nil]]
  ↳ app/controllers/application_controller.rb:233:in `current_user'
  [1m[36mTRANSACTION (0.2ms)[0m  [1m[36mCOMMIT TRANSACTION[0m
  ↳ app/controllers/application_controller.rb:233:in `current_user'
  [1m[36mPreference Load (0.2ms)[0m  [1m[34mSELECT "preferences".* FROM "preferences" WHERE "preferences"."name" = ? AND "preferences"."user_id" = ? LIMIT ?[0m  [["name", "locale"], ["user_id", 1], ["LIMIT", 1]]
  ↳ app/models/users/preference.rb:30:in `[]'
  [1m[36mSetting Load (0.1ms)[0m  [1m[34mSELECT "settings".* FROM "settings" WHERE "settings"."name" = ? LIMIT ?[0m  [["name", "locale"], ["LIMIT", 1]]
  ↳ app/models/setting.rb:44:in `method_missing'
Redirected to http://localhost:3000/
Completed 302 Found in 150ms (ActiveRecord: 5.8ms (5 queries, 0 cached) | GC: 17.0ms)


Started GET "/" for ::1 at 2026-04-13 11:36:41 +0000
Processing by HomeController#index as HTML
  [1m[36mUser Load (0.4ms)[0m  [1m[34mSELECT "users".* FROM "users" WHERE "users"."id" = ? ORDER BY "users"."id" ASC LIMIT ?[0m  [["id", 1], ["LIMIT", 1]]
  [1m[36mPreference Load (0.1ms)[0m  [1m[34mSELECT "preferences".* FROM "preferences" WHERE "preferences"."name" = ? AND "preferences"."user_id" = ? LIMIT ?[0m  [["name", "locale"], ["user_id", 1], ["LIMIT", 1]]
  ↳ app/models/users/preference.rb:30:in `[]'
  [1m[36mSetting Load (0.1ms)[0m  [1m[34mSELECT "settings".* FROM "settings" WHERE "settings"."name" = ? LIMIT ?[0m  [["name", "locale"], ["LIMIT", 1]]
  ↳ app/models/setting.rb:61:in `[]'
  [1m[36mPreference Load (0.1ms)[0m  [1m[34mSELECT "preferences".* FROM "preferences" WHERE "preferences"."name" = ? AND "preferences"."user_id" = ? LIMIT ?[0m  [["name", "activity_asset"], ["user_id", 1], ["LIMIT", 1]]
  ↳ app/models/users/preference.rb:30:in `[]'
  [1m[36mPreference Load (0.1ms)[0m  [1m[34mSELECT "preferences".* FROM "preferences" WHERE "preferences"."name" = ? AND "preferences"."user_id" = ? LIMIT ?[0m  [["name", "activity_event"], ["user_id", 1], ["LIMIT", 1]]
  ↳ app/models/users/preference.rb:30:in `[]'
  [1m[36mPreference Load (0.1ms)[0m  [1m[34mSELECT "preferences".* FROM "preferences" WHERE "preferences"."name" = ? AND "preferences"."user_id" = ? LIMIT ?[0m  [["name", "activity_user"], ["user_id", 1], ["LIMIT", 1]]
  ↳ app/models/users/preference.rb:30:in `[]'
  [1m[36mPreference Load (0.1ms)[0m  [1m[34mSELECT "preferences".* FROM "preferences" WHERE "preferences"."name" = ? AND "preferences"."user_id" = ? LIMIT ?[0m  [["name", "activity_duration"], ["user_id", 1], ["LIMIT", 1]]
  ↳ app/models/users/preference.rb:30:in `[]'
  [1m[36mVersion Load (0.2ms)[0m  [1m[34mSELECT "versions".* FROM "versions" WHERE (versions.created_at >= ?) ORDER BY created_at DESC LIMIT ?[0m  [[nil, "2026-04-11 11:36:41.127781"], ["LIMIT", 500]]
  ↳ app/models/polymorphic/version.rb:66:in `visible_to'
  [1m[36mUser Load (0.3ms)[0m  [1m[34mSELECT "users".* FROM "users" WHERE "users"."id" = ?[0m  [["id", nil]]
  ↳ app/models/polymorphic/version.rb:66:in `visible_to'
  [1m[36mUser Load (0.1ms)[0m  [1m[34mSELECT "users".* FROM "users" WHERE "users"."id" = ?[0m  [["id", 1]]
  ↳ app/models/polymorphic/version.rb:66:in `visible_to'
  Rendering layout layouts/application.html.haml
  Rendering home/index.html.haml within layouts/application
  Rendered shared/_inline_styles.html.haml (Duration: 2.4ms | GC: 0.2ms)
  [1m[36mTask Exists? (0.2ms)[0m  [1m[34mSELECT 1 AS one FROM "tasks" WHERE ((user_id = ? AND assigned_to IS NULL) OR assigned_to = ?) AND (completed_at IS NULL) LIMIT ?[0m  [[nil, 1], [nil, 1], ["LIMIT", 1]]
  ↳ app/views/home/index.html.haml:7
  [1m[36mOpportunity Exists? (0.2ms)[0m  [1m[34mSELECT 1 AS one FROM "opportunities" WHERE ((user_id = ? AND assigned_to IS NULL) OR assigned_to = ?) AND (opportunities.stage != 'won') AND (opportunities.stage != 'lost') LIMIT ?[0m  [[nil, 1], [nil, 1], ["LIMIT", 1]]
  ↳ app/views/home/index.html.haml:16
  [1m[36mAccount Exists? (0.1ms)[0m  [1m[34mSELECT 1 AS one FROM "accounts" WHERE ((user_id = ? AND assigned_to IS NULL) OR assigned_to = ?) LIMIT ?[0m  [[nil, 1], [nil, 1], ["LIMIT", 1]]
  ↳ app/views/home/index.html.haml:25
  Rendered collection of home/_activity.html.haml [4 times] (Duration: 8.5ms | GC: 1.8ms)
  Rendered shared/_export.html.haml (Duration: 2.8ms | GC: 0.1ms)
  Rendered home/index.html.haml within layouts/application (Duration: 36.3ms | GC: 4.4ms)
  Rendered layouts/_jumpbox.html.haml (Duration: 5.8ms | GC: 0.5ms)
  Rendered layouts/_header.html.haml (Duration: 14.1ms | GC: 1.2ms)
  [1m[36mList Exists? (0.2ms)[0m  [1m[34mSELECT 1 AS one FROM "lists" WHERE "lists"."user_id" IS NULL LIMIT ?[0m  [["LIMIT", 1]]
  ↳ app/views/lists/_sidebar.html.haml:7
  Rendered lists/_sidebar.html.haml (Duration: 34.0ms | GC: 15.7ms)
  [1m[36mList Exists? (0.2ms)[0m  [1m[34mSELECT 1 AS one FROM "lists" WHERE "lists"."user_id" = ? LIMIT ?[0m  [["user_id", 1], ["LIMIT", 1]]
  ↳ app/views/lists/_sidebar.html.haml:7
  Rendered lists/_sidebar.html.haml (Duration: 17.3ms | GC: 4.1ms)
  Rendered lists/_lists.html.haml (Duration: 105.4ms | GC: 65.4ms)
  [1m[36mVersion Exists? (0.2ms)[0m  [1m[34mSELECT 1 AS one FROM "versions" WHERE "versions"."whodunnit" = ? AND "versions"."item_type" IN (?, ?, ?, ?, ?) LIMIT ? OFFSET ?[0m  [["whodunnit", "1"], ["item_type", "Account"], ["item_type", "Campaign"], ["item_type", "Contact"], ["item_type", "Lead"], ["item_type", "Opportunity"], ["LIMIT", 1], ["OFFSET", 0]]
  ↳ app/models/polymorphic/version.rb:37:in `recent_for_user'
  Rendered shared/_recently.html.haml (Duration: 6.1ms | GC: 0.8ms)
  Rendered layouts/_sidebar.html.haml (Duration: 146.5ms | GC: 95.3ms)
  Rendered layouts/_tabbed.html.haml (Duration: 239.3ms | GC: 176.9ms)
  Rendered layouts/_about.html.haml (Duration: 8.0ms | GC: 1.3ms)
  Rendered layouts/_footer.html.haml (Duration: 12.8ms | GC: 1.7ms)
  [1m[36mSetting Load (0.2ms)[0m  [1m[34mSELECT "settings".* FROM "settings" WHERE "settings"."name" = ? LIMIT ?[0m  [["name", "base_url"], ["LIMIT", 1]]
  ↳ app/models/setting.rb:61:in `[]'
  Rendered layout layouts/application.html.haml (Duration: 370.6ms | GC: 188.8ms)
Completed 200 OK in 412ms (Views: 373.6ms | ActiveRecord: 3.9ms (17 queries, 0 cached) | GC: 192.3ms)


Started GET "/profile" for ::1 at 2026-04-13 11:36:42 +0000
Processing by UsersController#show as HTML
  [1m[36mUser Load (0.2ms)[0m  [1m[34mSELECT "users".* FROM "users" WHERE "users"."id" = ? ORDER BY "users"."id" ASC LIMIT ?[0m  [["id", 1], ["LIMIT", 1]]
  [1m[36mPreference Load (0.1ms)[0m  [1m[34mSELECT "preferences".* FROM "preferences" WHERE "preferences"."name" = ? AND "preferences"."user_id" = ? LIMIT ?[0m  [["name", "locale"], ["user_id", 1], ["LIMIT", 1]]
  ↳ app/models/users/preference.rb:30:in `[]'
  [1m[36mSetting Load (0.1ms)[0m  [1m[34mSELECT "settings".* FROM "settings" WHERE "settings"."name" = ? LIMIT ?[0m  [["name", "locale"], ["LIMIT", 1]]
  ↳ app/models/setting.rb:61:in `[]'
  [1m[36mSetting Load (0.1ms)[0m  [1m[34mSELECT "settings".* FROM "settings" WHERE "settings"."name" = ? LIMIT ?[0m  [["name", "user_signup"], ["LIMIT", 1]]
  ↳ app/models/setting.rb:61:in `[]'
  [1m[36mFieldGroup Load (0.2ms)[0m  [1m[34mSELECT "field_groups".* FROM "field_groups" WHERE "field_groups"."klass_name" = ? ORDER BY "field_groups"."position" ASC[0m  [["klass_name", "Campaign"]]
  ↳ lib/fat_free_crm/fields.rb:37:in `map'
  Rendering layout layouts/application.html.haml
  Rendering users/show.html.haml within layouts/application
  [1m[36mSetting Load (0.2ms)[0m  [1m[34mSELECT "settings".* FROM "settings" WHERE "settings"."name" = ? LIMIT ?[0m  [["name", "per_user_locale"], ["LIMIT", 1]]
  ↳ app/models/setting.rb:61:in `[]'
  [1m[36mAvatar Load (0.1ms)[0m  [1m[34mSELECT "avatars".* FROM "avatars" WHERE "avatars"."entity_id" = ? AND "avatars"."entity_type" = ? LIMIT ?[0m  [["entity_id", 1], ["entity_type", "User"], ["LIMIT", 1]]
  ↳ app/helpers/application_helper.rb:368:in `avatar_for'
  Rendered users/_user.html.haml (Duration: 15.9ms | GC: 1.6ms)
  Rendered users/show.html.haml within layouts/application (Duration: 25.0ms | GC: 2.6ms)
  Rendered layouts/_jumpbox.html.haml (Duration: 0.4ms | GC: 0.0ms)
  Rendered layouts/_header.html.haml (Duration: 1.1ms | GC: 0.0ms)
  [1m[36mList Exists? (0.3ms)[0m  [1m[34mSELECT 1 AS one FROM "lists" WHERE "lists"."user_id" IS NULL LIMIT ?[0m  [["LIMIT", 1]]
  ↳ app/views/lists/_sidebar.html.haml:7
  Rendered lists/_sidebar.html.haml (Duration: 3.1ms | GC: 0.0ms)
  [1m[36mList Exists? (0.1ms)[0m  [1m[34mSELECT 1 AS one FROM "lists" WHERE "lists"."user_id" = ? LIMIT ?[0m  [["user_id", 1], ["LIMIT", 1]]
  ↳ app/views/lists/_sidebar.html.haml:7
  Rendered lists/_sidebar.html.haml (Duration: 2.2ms | GC: 0.0ms)
  Rendered lists/_lists.html.haml (Duration: 6.0ms | GC: 0.0ms)
  [1m[36mVersion Exists? (0.3ms)[0m  [1m[34mSELECT 1 AS one FROM "versions" WHERE "versions"."whodunnit" = ? AND "versions"."item_type" IN (?, ?, ?, ?, ?) LIMIT ? OFFSET ?[0m  [["whodunnit", "1"], ["item_type", "Account"], ["item_type", "Campaign"], ["item_type", "Contact"], ["item_type", "Lead"], ["item_type", "Opportunity"], ["LIMIT", 1], ["OFFSET", 0]]
  ↳ app/models/polymorphic/version.rb:37:in `recent_for_user'
  Rendered shared/_recently.html.haml (Duration: 1.7ms | GC: 0.0ms)
  Rendered layouts/_sidebar.html.haml (Duration: 8.0ms | GC: 0.0ms)
  Rendered layouts/_tabbed.html.haml (Duration: 9.4ms | GC: 0.0ms)
  Rendered layouts/_about.html.haml (Duration: 0.4ms | GC: 0.0ms)
  Rendered layouts/_footer.html.haml (Duration: 0.8ms | GC: 0.0ms)
  [1m[36mSetting Load (0.1ms)[0m  [1m[34mSELECT "settings".* FROM "settings" WHERE "settings"."name" = ? LIMIT ?[0m  [["name", "base_url"], ["LIMIT", 1]]
  ↳ app/models/setting.rb:61:in `[]'
  Rendered layout layouts/application.html.haml (Duration: 94.5ms | GC: 8.6ms)
Completed 200 OK in 128ms (Views: 94.9ms | ActiveRecord: 2.7ms (11 queries, 0 cached) | GC: 10.8ms)


Started GET "/oauth/applications" for ::1 at 2026-04-13 11:36:44 +0000
Processing by OauthApplicationsController#index as HTML
  [1m[36mUser Load (0.3ms)[0m  [1m[34mSELECT "users".* FROM "users" WHERE "users"."id" = ? ORDER BY "users"."id" ASC LIMIT ?[0m  [["id", 1], ["LIMIT", 1]]
  Rendering layout vendor/bundle/ruby/3.2.0/gems/doorkeeper-5.9.0/app/views/layouts/doorkeeper/admin.html.erb
  Rendering oauth_applications/index.html.haml within layouts/doorkeeper/admin
  [1m[36mDoorkeeper::Application Exists? (0.2ms)[0m  [1m[34mSELECT 1 AS one FROM "oauth_applications" WHERE "oauth_applications"."owner_id" = ? AND "oauth_applications"."owner_type" = ? LIMIT ?[0m  [["owner_id", 1], ["owner_type", "User"], ["LIMIT", 1]]
  ↳ app/views/oauth_applications/index.html.haml:7
  Rendered oauth_applications/index.html.haml within layouts/doorkeeper/admin (Duration: 11.1ms | GC: 2.0ms)
  Rendered layout vendor/bundle/ruby/3.2.0/gems/doorkeeper-5.9.0/app/views/layouts/doorkeeper/admin.html.erb (Duration: 15.6ms | GC: 2.6ms)
Completed 200 OK in 32ms (Views: 18.6ms | ActiveRecord: 0.4ms (2 queries, 0 cached) | GC: 10.5ms)


Started GET "/oauth/applications/new" for ::1 at 2026-04-13 11:36:45 +0000
Processing by OauthApplicationsController#new as HTML
  [1m[36mUser Load (0.3ms)[0m  [1m[34mSELECT "users".* FROM "users" WHERE "users"."id" = ? ORDER BY "users"."id" ASC LIMIT ?[0m  [["id", 1], ["LIMIT", 1]]
  Rendering layout vendor/bundle/ruby/3.2.0/gems/doorkeeper-5.9.0/app/views/layouts/doorkeeper/admin.html.erb
  Rendering oauth_applications/new.html.haml within layouts/doorkeeper/admin
  Rendered oauth_applications/_form.html.haml (Duration: 13.8ms | GC: 1.3ms)
  Rendered oauth_applications/new.html.haml within layouts/doorkeeper/admin (Duration: 18.2ms | GC: 1.7ms)
  Rendered layout vendor/bundle/ruby/3.2.0/gems/doorkeeper-5.9.0/app/views/layouts/doorkeeper/admin.html.erb (Duration: 22.2ms | GC: 1.9ms)
Completed 200 OK in 34ms (Views: 22.8ms | ActiveRecord: 0.3ms (1 query, 0 cached) | GC: 3.2ms)


Started POST "/oauth/applications" for ::1 at 2026-04-13 11:36:45 +0000
Processing by OauthApplicationsController#create as HTML
  Parameters: {"authenticity_token"=>"[FILTERED]", "doorkeeper_application"=>{"name"=>"My Test App", "redirect_uri"=>"https://example.com", "scopes"=>"", "confidential"=>"1"}, "commit"=>"Submit"}
  [1m[36mUser Load (0.3ms)[0m  [1m[34mSELECT "users".* FROM "users" WHERE "users"."id" = ? ORDER BY "users"."id" ASC LIMIT ?[0m  [["id", 1], ["LIMIT", 1]]
  [1m[36mTRANSACTION (0.1ms)[0m  [1m[36mBEGIN immediate TRANSACTION[0m
  ↳ app/controllers/oauth_applications_controller.rb:13:in `create'
  [1m[36mDoorkeeper::Application Exists? (1.5ms)[0m  [1m[34mSELECT 1 AS one FROM "oauth_applications" WHERE "oauth_applications"."uid" = ? LIMIT ?[0m  [["uid", "7ulCzGrvDe6Lm856WJybAHp-qW65zl5IF5g1fwuUqkg"], ["LIMIT", 1]]
  ↳ app/controllers/oauth_applications_controller.rb:13:in `create'
  [1m[36mDoorkeeper::Application Create (0.4ms)[0m  [1m[32mINSERT INTO "oauth_applications" ("name", "uid", "secret", "redirect_uri", "scopes", "confidential", "created_at", "updated_at", "owner_id", "owner_type") VALUES (?, ?, ?, ?, ?, ?, ?, ?, ?, ?) RETURNING "id"[0m  [["name", "My Test App"], ["uid", "7ulCzGrvDe6Lm856WJybAHp-qW65zl5IF5g1fwuUqkg"], ["secret", "KtwfHX8qfbqGfRFLUA_9UvURnpqyTIKzI-eu--GlW0Q"], ["redirect_uri", "https://example.com"], ["scopes", ""], ["confidential", 1], ["created_at", "2026-04-13 11:36:45.963234"], ["updated_at", "2026-04-13 11:36:45.963234"], ["owner_id", nil], ["owner_type", nil]]
  ↳ app/controllers/oauth_applications_controller.rb:13:in `create'
  [1m[36mTRANSACTION (0.1ms)[0m  [1m[36mCOMMIT TRANSACTION[0m
  ↳ app/controllers/oauth_applications_controller.rb:13:in `create'
Redirected to http://localhost:3000/oauth/applications/1
Completed 302 Found in 13ms (ActiveRecord: 2.4ms (3 queries, 0 cached) | GC: 0.6ms)


Started GET "/oauth/applications/1" for ::1 at 2026-04-13 11:36:45 +0000
Processing by OauthApplicationsController#show as HTML
  Parameters: {"id"=>"1"}
  [1m[36mUser Load (0.2ms)[0m  [1m[34mSELECT "users".* FROM "users" WHERE "users"."id" = ? ORDER BY "users"."id" ASC LIMIT ?[0m  [["id", 1], ["LIMIT", 1]]
  [1m[36mDoorkeeper::Application Load (0.3ms)[0m  [1m[34mSELECT "oauth_applications".* FROM "oauth_applications" WHERE "oauth_applications"."owner_id" = ? AND "oauth_applications"."owner_type" = ? AND "oauth_applications"."id" = ? LIMIT ?[0m  [["owner_id", 1], ["owner_type", "User"], ["id", 1], ["LIMIT", 1]]
  ↳ app/controllers/oauth_applications_controller.rb:24:in `set_application'
Completed 404 Not Found in 6ms (ActiveRecord: 0.5ms (2 queries, 0 cached) | GC: 0.0ms)



ActiveRecord::RecordNotFound (Couldn't find Doorkeeper::Application with 'id'="1" [WHERE "oauth_applications"."owner_id" = ? AND "oauth_applications"."owner_type" = ?]):

app/controllers/oauth_applications_controller.rb:24:in `set_application'
Started GET "/users/sign_in" for ::1 at 2026-04-13 11:37:36 +0000
Processing by SessionsController#new as HTML
  [1m[36mSetting Load (0.3ms)[0m  [1m[34mSELECT "settings".* FROM "settings" WHERE "settings"."name" = ? LIMIT ?[0m  [["name", "locale"], ["LIMIT", 1]]
  ↳ app/models/setting.rb:61:in `[]'
  Rendering layout layouts/application.html.haml
  Rendering devise/sessions/new.html.haml within layouts/application
  [1m[36mSetting Load (0.4ms)[0m  [1m[34mSELECT "settings".* FROM "settings" WHERE "settings"."name" = ? LIMIT ?[0m  [["name", "user_signup"], ["LIMIT", 1]]
  ↳ app/models/setting.rb:61:in `[]'
  Rendered devise/sessions/new.html.haml within layouts/application (Duration: 4.9ms | GC: 0.3ms)
  Rendered layouts/_header.html.haml (Duration: 2.7ms | GC: 2.1ms)
  Rendered layouts/_about.html.haml (Duration: 2.7ms | GC: 1.7ms)
  Rendered layouts/_footer.html.haml (Duration: 3.0ms | GC: 1.7ms)
  Rendered layouts/_tabless.html.haml (Duration: 4.0ms | GC: 2.5ms)
  [1m[36mSetting Load (0.2ms)[0m  [1m[34mSELECT "settings".* FROM "settings" WHERE "settings"."name" = ? LIMIT ?[0m  [["name", "base_url"], ["LIMIT", 1]]
  ↳ app/models/setting.rb:61:in `[]'
  Rendered layout layouts/application.html.haml (Duration: 135.4ms | GC: 68.4ms)
Completed 200 OK in 139ms (Views: 135.9ms | ActiveRecord: 0.6ms (3 queries, 0 cached) | GC: 68.4ms)


Started GET "/home/timezone?offset=0" for ::1 at 2026-04-13 11:37:37 +0000
Processing by HomeController#timezone as */*
  Parameters: {"offset"=>"0"}
  [1m[36mSetting Load (0.2ms)[0m  [1m[34mSELECT "settings".* FROM "settings" WHERE "settings"."name" = ? LIMIT ?[0m  [["name", "locale"], ["LIMIT", 1]]
  ↳ app/models/setting.rb:61:in `[]'
Completed 200 OK in 3ms (ActiveRecord: 0.2ms (1 query, 0 cached) | GC: 0.0ms)


Started POST "/users/sign_in" for ::1 at 2026-04-13 11:37:37 +0000
Processing by SessionsController#create as HTML
  Parameters: {"authenticity_token"=>"[FILTERED]", "user"=>{"email"=>"admin@example.com", "password"=>"[FILTERED]", "remember_me"=>"0"}, "commit"=>"Login"}
  [1m[36mUser Load (0.4ms)[0m  [1m[34mSELECT "users".* FROM "users" WHERE (lower(username) = ? OR lower(email) = ?) ORDER BY "users"."id" ASC LIMIT ?[0m  [[nil, "admin@example.com"], [nil, "admin@example.com"], ["LIMIT", 1]]
  ↳ app/models/users/user.rb:219:in `find_for_database_authentication'
  [1m[36mTRANSACTION (0.1ms)[0m  [1m[36mBEGIN immediate TRANSACTION[0m
  ↳ app/controllers/application_controller.rb:233:in `current_user'
  [1m[36mUser Update (1.3ms)[0m  [1m[33mUPDATE "users" SET "last_sign_in_at" = ?, "current_sign_in_at" = ?, "sign_in_count" = ?, "updated_at" = ? WHERE "users"."id" = ?[0m  [["last_sign_in_at", "2026-04-13 11:36:40.970670"], ["current_sign_in_at", "2026-04-13 11:37:37.894144"], ["sign_in_count", 4], ["updated_at", "2026-04-13 11:37:37.895497"], ["id", 1]]
  ↳ app/controllers/application_controller.rb:233:in `current_user'
  [1m[36mVersion Create (0.3ms)[0m  [1m[32mINSERT INTO "versions" ("item_type", "item_id", "event", "whodunnit", "object", "created_at", "object_changes", "related_id", "related_type", "transaction_id") VALUES (?, ?, ?, ?, ?, ?, ?, ?, ?, ?) RETURNING "id"[0m  [["item_type", "User"], ["item_id", 1], ["event", "update"], ["whodunnit", nil], ["object", "---\nlast_sign_in_at: !ruby/object:ActiveSupport::TimeWithZone\n  utc: 2026-04-13 11:34:35.664617000 Z\n  zone: &1 !ruby/object:ActiveSupport::TimeZone\n    name: Etc/UTC\n  time: 2026-04-13 11:34:35.664617000 Z\ncurrent_sign_in_at: !ruby/object:ActiveSupport::TimeWithZone\n  utc: 2026-04-13 11:36:40.970670000 Z\n  zone: *1\n  time: 2026-04-13 11:36:40.970670000 Z\nlast_sign_in_ip: \"::1\"\ncurrent_sign_in_ip: \"::1\"\nsign_in_count: 3\nid: 1\nusername: admin\nemail: admin@example.com\nfirst_name:\nlast_name:\ntitle:\ncompany:\nalt_email:\nphone:\nmobile:\ngoogle:\nencrypted_password: 5ac7e2049cbb991f1c9f3cf876402b8d3028751ed5037021fafc1ca9ecadf2d16e287335650d809701bc716ebcd0f0db683151bcb14be775dc1959ddc70343da\npassword_salt: 1QnD2cEw2W1da6H9CzWq\ndeleted_at:\ncreated_at: !ruby/object:ActiveSupport::TimeWithZone\n  utc: 2026-04-13 11:30:01.303298000 Z\n  zone: *1\n  time: 2026-04-13 11:30:01.303298000 Z\nupdated_at: !ruby/object:ActiveSupport::TimeWithZone\n  utc: 2026-04-13 11:36:40.971162000 Z\n  zone: *1\n  time: 2026-04-13 11:36:40.971162000 Z\nadmin: true\nsuspended_at:\nunconfirmed_email:\nreset_password_token:\nreset_password_sent_at:\nremember_token:\nremember_created_at:\nauthentication_token:\nconfirmation_token:\nconfirmed_at: !ruby/object:ActiveSupport::TimeWithZone\n  utc: 2026-04-13 11:30:01.268887000 Z\n  zone: *1\n  time: 2026-04-13 11:30:01.268887000 Z\nconfirmation_sent_at:\nsubscribe_to_comment_replies: true\nreceive_assigned_notifications: true\nzoom:\nteams:\nsignal:\ninstagram:\nfacebook:\nmastodon:\nbluesky:\ntwitter:\nlinkedin:\nblog:\n"], ["created_at", "2026-04-13 11:37:37.895497"], ["object_changes", "---\ncurrent_sign_in_at:\n- !ruby/object:ActiveSupport::TimeWithZone\n  utc: 2026-04-13 11:36:40.970670000 Z\n  zone: &1 !ruby/object:ActiveSupport::TimeZone\n    name: Etc/UTC\n  time: 2026-04-13 11:36:40.970670000 Z\n- !ruby/object:ActiveSupport::TimeWithZone\n  utc: 2026-04-13 11:37:37.894144865 Z\n  zone: *1\n  time: 2026-04-13 11:37:37.894144865 Z\nsign_in_count:\n- 3\n- 4\nupdated_at:\n- !ruby/object:ActiveSupport::TimeWithZone\n  utc: 2026-04-13 11:36:40.971162000 Z\n  zone: *1\n  time: 2026-04-13 11:36:40.971162000 Z\n- !ruby/object:ActiveSupport::TimeWithZone\n  utc: 2026-04-13 11:37:37.895497730 Z\n  zone: *1\n  time: 2026-04-13 11:37:37.895497730 Z\n"], ["related_id", nil], ["related_type", nil], ["transaction_id", nil]]
  ↳ app/controllers/application_controller.rb:233:in `current_user'
  [1m[36mTRANSACTION (0.2ms)[0m  [1m[36mCOMMIT TRANSACTION[0m
  ↳ app/controllers/application_controller.rb:233:in `current_user'
  [1m[36mPreference Load (0.2ms)[0m  [1m[34mSELECT "preferences".* FROM "preferences" WHERE "preferences"."name" = ? AND "preferences"."user_id" = ? LIMIT ?[0m  [["name", "locale"], ["user_id", 1], ["LIMIT", 1]]
  ↳ app/models/users/preference.rb:30:in `[]'
  [1m[36mSetting Load (0.1ms)[0m  [1m[34mSELECT "settings".* FROM "settings" WHERE "settings"."name" = ? LIMIT ?[0m  [["name", "locale"], ["LIMIT", 1]]
  ↳ app/models/setting.rb:61:in `[]'
Redirected to http://localhost:3000/
Completed 302 Found in 38ms (ActiveRecord: 3.9ms (5 queries, 0 cached) | GC: 3.8ms)


Started GET "/" for ::1 at 2026-04-13 11:37:37 +0000
Processing by HomeController#index as HTML
  [1m[36mUser Load (0.4ms)[0m  [1m[34mSELECT "users".* FROM "users" WHERE "users"."id" = ? ORDER BY "users"."id" ASC LIMIT ?[0m  [["id", 1], ["LIMIT", 1]]
  [1m[36mPreference Load (0.2ms)[0m  [1m[34mSELECT "preferences".* FROM "preferences" WHERE "preferences"."name" = ? AND "preferences"."user_id" = ? LIMIT ?[0m  [["name", "locale"], ["user_id", 1], ["LIMIT", 1]]
  ↳ app/models/users/preference.rb:30:in `[]'
  [1m[36mSetting Load (0.2ms)[0m  [1m[34mSELECT "settings".* FROM "settings" WHERE "settings"."name" = ? LIMIT ?[0m  [["name", "locale"], ["LIMIT", 1]]
  ↳ app/models/setting.rb:61:in `[]'
  [1m[36mPreference Load (0.1ms)[0m  [1m[34mSELECT "preferences".* FROM "preferences" WHERE "preferences"."name" = ? AND "preferences"."user_id" = ? LIMIT ?[0m  [["name", "activity_asset"], ["user_id", 1], ["LIMIT", 1]]
  ↳ app/models/users/preference.rb:30:in `[]'
  [1m[36mPreference Load (0.1ms)[0m  [1m[34mSELECT "preferences".* FROM "preferences" WHERE "preferences"."name" = ? AND "preferences"."user_id" = ? LIMIT ?[0m  [["name", "activity_event"], ["user_id", 1], ["LIMIT", 1]]
  ↳ app/models/users/preference.rb:30:in `[]'
  [1m[36mPreference Load (0.1ms)[0m  [1m[34mSELECT "preferences".* FROM "preferences" WHERE "preferences"."name" = ? AND "preferences"."user_id" = ? LIMIT ?[0m  [["name", "activity_user"], ["user_id", 1], ["LIMIT", 1]]
  ↳ app/models/users/preference.rb:30:in `[]'
  [1m[36mPreference Load (0.1ms)[0m  [1m[34mSELECT "preferences".* FROM "preferences" WHERE "preferences"."name" = ? AND "preferences"."user_id" = ? LIMIT ?[0m  [["name", "activity_duration"], ["user_id", 1], ["LIMIT", 1]]
  ↳ app/models/users/preference.rb:30:in `[]'
  [1m[36mVersion Load (0.2ms)[0m  [1m[34mSELECT "versions".* FROM "versions" WHERE (versions.created_at >= ?) ORDER BY created_at DESC LIMIT ?[0m  [[nil, "2026-04-11 11:37:37.959071"], ["LIMIT", 500]]
  ↳ app/models/polymorphic/version.rb:66:in `visible_to'
  [1m[36mUser Load (0.3ms)[0m  [1m[34mSELECT "users".* FROM "users" WHERE "users"."id" = ?[0m  [["id", nil]]
  ↳ app/models/polymorphic/version.rb:66:in `visible_to'
  [1m[36mUser Load (0.1ms)[0m  [1m[34mSELECT "users".* FROM "users" WHERE "users"."id" = ?[0m  [["id", 1]]
  ↳ app/models/polymorphic/version.rb:66:in `visible_to'
  Rendering layout layouts/application.html.haml
  Rendering home/index.html.haml within layouts/application
  Rendered shared/_inline_styles.html.haml (Duration: 2.3ms | GC: 0.0ms)
  [1m[36mTask Exists? (0.2ms)[0m  [1m[34mSELECT 1 AS one FROM "tasks" WHERE ((user_id = ? AND assigned_to IS NULL) OR assigned_to = ?) AND (completed_at IS NULL) LIMIT ?[0m  [[nil, 1], [nil, 1], ["LIMIT", 1]]
  ↳ app/views/home/index.html.haml:7
  [1m[36mOpportunity Exists? (0.2ms)[0m  [1m[34mSELECT 1 AS one FROM "opportunities" WHERE ((user_id = ? AND assigned_to IS NULL) OR assigned_to = ?) AND (opportunities.stage != 'won') AND (opportunities.stage != 'lost') LIMIT ?[0m  [[nil, 1], [nil, 1], ["LIMIT", 1]]
  ↳ app/views/home/index.html.haml:16
  [1m[36mAccount Exists? (0.1ms)[0m  [1m[34mSELECT 1 AS one FROM "accounts" WHERE ((user_id = ? AND assigned_to IS NULL) OR assigned_to = ?) LIMIT ?[0m  [[nil, 1], [nil, 1], ["LIMIT", 1]]
  ↳ app/views/home/index.html.haml:25
  Rendered collection of home/_activity.html.haml [5 times] (Duration: 7.8ms | GC: 0.8ms)
  Rendered shared/_export.html.haml (Duration: 4.6ms | GC: 0.2ms)
  Rendered home/index.html.haml within layouts/application (Duration: 39.5ms | GC: 5.0ms)
  Rendered layouts/_jumpbox.html.haml (Duration: 6.8ms | GC: 0.2ms)
  Rendered layouts/_header.html.haml (Duration: 8.4ms | GC: 0.2ms)
  [1m[36mList Exists? (0.2ms)[0m  [1m[34mSELECT 1 AS one FROM "lists" WHERE "lists"."user_id" IS NULL LIMIT ?[0m  [["LIMIT", 1]]
  ↳ app/views/lists/_sidebar.html.haml:7
  Rendered lists/_sidebar.html.haml (Duration: 17.9ms | GC: 0.8ms)
  [1m[36mList Exists? (0.2ms)[0m  [1m[34mSELECT 1 AS one FROM "lists" WHERE "lists"."user_id" = ? LIMIT ?[0m  [["user_id", 1], ["LIMIT", 1]]
  ↳ app/views/lists/_sidebar.html.haml:7
  Rendered lists/_sidebar.html.haml (Duration: 13.2ms | GC: 0.2ms)
  Rendered lists/_lists.html.haml (Duration: 39.0ms | GC: 1.2ms)
  [1m[36mVersion Exists? (0.2ms)[0m  [1m[34mSELECT 1 AS one FROM "versions" WHERE "versions"."whodunnit" = ? AND "versions"."item_type" IN (?, ?, ?, ?, ?) LIMIT ? OFFSET ?[0m  [["whodunnit", "1"], ["item_type", "Account"], ["item_type", "Campaign"], ["item_type", "Contact"], ["item_type", "Lead"], ["item_type", "Opportunity"], ["LIMIT", 1], ["OFFSET", 0]]
  ↳ app/models/polymorphic/version.rb:37:in `recent_for_user'
  Rendered shared/_recently.html.haml (Duration: 6.5ms | GC: 0.8ms)
  Rendered layouts/_sidebar.html.haml (Duration: 50.5ms | GC: 2.1ms)
  Rendered layouts/_tabbed.html.haml (Duration: 61.2ms | GC: 3.3ms)
  Rendered layouts/_about.html.haml (Duration: 0.4ms | GC: 0.0ms)
  Rendered layouts/_footer.html.haml (Duration: 1.0ms | GC: 0.0ms)
  [1m[36mSetting Load (0.1ms)[0m  [1m[34mSELECT "settings".* FROM "settings" WHERE "settings"."name" = ? LIMIT ?[0m  [["name", "base_url"], ["LIMIT", 1]]
  ↳ app/models/setting.rb:61:in `[]'
  Rendered layout layouts/application.html.haml (Duration: 169.2ms | GC: 12.4ms)
Completed 200 OK in 208ms (Views: 170.4ms | ActiveRecord: 4.2ms (17 queries, 0 cached) | GC: 14.4ms)


Started GET "/profile" for ::1 at 2026-04-13 11:37:39 +0000
Processing by UsersController#show as HTML
  [1m[36mUser Load (0.3ms)[0m  [1m[34mSELECT "users".* FROM "users" WHERE "users"."id" = ? ORDER BY "users"."id" ASC LIMIT ?[0m  [["id", 1], ["LIMIT", 1]]
  [1m[36mPreference Load (0.2ms)[0m  [1m[34mSELECT "preferences".* FROM "preferences" WHERE "preferences"."name" = ? AND "preferences"."user_id" = ? LIMIT ?[0m  [["name", "locale"], ["user_id", 1], ["LIMIT", 1]]
  ↳ app/models/users/preference.rb:30:in `[]'
  [1m[36mSetting Load (0.1ms)[0m  [1m[34mSELECT "settings".* FROM "settings" WHERE "settings"."name" = ? LIMIT ?[0m  [["name", "locale"], ["LIMIT", 1]]
  ↳ app/models/setting.rb:61:in `[]'
  [1m[36mSetting Load (0.1ms)[0m  [1m[34mSELECT "settings".* FROM "settings" WHERE "settings"."name" = ? LIMIT ?[0m  [["name", "user_signup"], ["LIMIT", 1]]
  ↳ app/models/setting.rb:61:in `[]'
  [1m[36mFieldGroup Load (0.2ms)[0m  [1m[34mSELECT "field_groups".* FROM "field_groups" WHERE "field_groups"."klass_name" = ? ORDER BY "field_groups"."position" ASC[0m  [["klass_name", "Campaign"]]
  ↳ lib/fat_free_crm/fields.rb:37:in `map'
  Rendering layout layouts/application.html.haml
  Rendering users/show.html.haml within layouts/application
  [1m[36mSetting Load (0.2ms)[0m  [1m[34mSELECT "settings".* FROM "settings" WHERE "settings"."name" = ? LIMIT ?[0m  [["name", "per_user_locale"], ["LIMIT", 1]]
  ↳ app/models/setting.rb:61:in `[]'
  [1m[36mAvatar Load (0.2ms)[0m  [1m[34mSELECT "avatars".* FROM "avatars" WHERE "avatars"."entity_id" = ? AND "avatars"."entity_type" = ? LIMIT ?[0m  [["entity_id", 1], ["entity_type", "User"], ["LIMIT", 1]]
  ↳ app/helpers/application_helper.rb:368:in `avatar_for'
  Rendered users/_user.html.haml (Duration: 18.4ms | GC: 1.7ms)
  Rendered users/show.html.haml within layouts/application (Duration: 29.8ms | GC: 3.5ms)
  Rendered layouts/_jumpbox.html.haml (Duration: 0.4ms | GC: 0.0ms)
  Rendered layouts/_header.html.haml (Duration: 1.1ms | GC: 0.0ms)
  [1m[36mList Exists? (0.2ms)[0m  [1m[34mSELECT 1 AS one FROM "lists" WHERE "lists"."user_id" IS NULL LIMIT ?[0m  [["LIMIT", 1]]
  ↳ app/views/lists/_sidebar.html.haml:7
  Rendered lists/_sidebar.html.haml (Duration: 4.1ms | GC: 0.0ms)
  [1m[36mList Exists? (0.2ms)[0m  [1m[34mSELECT 1 AS one FROM "lists" WHERE "lists"."user_id" = ? LIMIT ?[0m  [["user_id", 1], ["LIMIT", 1]]
  ↳ app/views/lists/_sidebar.html.haml:7
  Rendered lists/_sidebar.html.haml (Duration: 2.8ms | GC: 0.0ms)
  Rendered lists/_lists.html.haml (Duration: 7.7ms | GC: 0.0ms)
  [1m[36mVersion Exists? (0.2ms)[0m  [1m[34mSELECT 1 AS one FROM "versions" WHERE "versions"."whodunnit" = ? AND "versions"."item_type" IN (?, ?, ?, ?, ?) LIMIT ? OFFSET ?[0m  [["whodunnit", "1"], ["item_type", "Account"], ["item_type", "Campaign"], ["item_type", "Contact"], ["item_type", "Lead"], ["item_type", "Opportunity"], ["LIMIT", 1], ["OFFSET", 0]]
  ↳ app/models/polymorphic/version.rb:37:in `recent_for_user'
  Rendered shared/_recently.html.haml (Duration: 1.9ms | GC: 0.2ms)
  Rendered layouts/_sidebar.html.haml (Duration: 10.0ms | GC: 0.2ms)
  Rendered layouts/_tabbed.html.haml (Duration: 11.5ms | GC: 0.3ms)
  Rendered layouts/_about.html.haml (Duration: 0.5ms | GC: 0.0ms)
  Rendered layouts/_footer.html.haml (Duration: 0.9ms | GC: 0.0ms)
  [1m[36mSetting Load (0.1ms)[0m  [1m[34mSELECT "settings".* FROM "settings" WHERE "settings"."name" = ? LIMIT ?[0m  [["name", "base_url"], ["LIMIT", 1]]
  ↳ app/models/setting.rb:61:in `[]'
  Rendered layout layouts/application.html.haml (Duration: 102.4ms | GC: 7.6ms)
Completed 200 OK in 142ms (Views: 102.5ms | ActiveRecord: 3.0ms (11 queries, 0 cached) | GC: 11.8ms)


Started GET "/oauth/applications" for ::1 at 2026-04-13 11:37:40 +0000
Processing by OauthApplicationsController#index as HTML
  [1m[36mUser Load (0.4ms)[0m  [1m[34mSELECT "users".* FROM "users" WHERE "users"."id" = ? ORDER BY "users"."id" ASC LIMIT ?[0m  [["id", 1], ["LIMIT", 1]]
  Rendering layout vendor/bundle/ruby/3.2.0/gems/doorkeeper-5.9.0/app/views/layouts/doorkeeper/admin.html.erb
  Rendering oauth_applications/index.html.haml within layouts/doorkeeper/admin
  [1m[36mDoorkeeper::Application Exists? (0.2ms)[0m  [1m[34mSELECT 1 AS one FROM "oauth_applications" WHERE "oauth_applications"."owner_id" = ? AND "oauth_applications"."owner_type" = ? LIMIT ?[0m  [["owner_id", 1], ["owner_type", "User"], ["LIMIT", 1]]
  ↳ app/views/oauth_applications/index.html.haml:7
  Rendered oauth_applications/index.html.haml within layouts/doorkeeper/admin (Duration: 9.0ms | GC: 0.4ms)
  Rendered layout vendor/bundle/ruby/3.2.0/gems/doorkeeper-5.9.0/app/views/layouts/doorkeeper/admin.html.erb (Duration: 13.0ms | GC: 0.6ms)
Completed 200 OK in 21ms (Views: 15.7ms | ActiveRecord: 0.8ms (2 queries, 0 cached) | GC: 0.7ms)


Started GET "/oauth/applications/new" for ::1 at 2026-04-13 11:37:41 +0000
Processing by OauthApplicationsController#new as HTML
  [1m[36mUser Load (0.3ms)[0m  [1m[34mSELECT "users".* FROM "users" WHERE "users"."id" = ? ORDER BY "users"."id" ASC LIMIT ?[0m  [["id", 1], ["LIMIT", 1]]
  Rendering layout vendor/bundle/ruby/3.2.0/gems/doorkeeper-5.9.0/app/views/layouts/doorkeeper/admin.html.erb
  Rendering oauth_applications/new.html.haml within layouts/doorkeeper/admin
  Rendered oauth_applications/_form.html.haml (Duration: 13.1ms | GC: 1.0ms)
  Rendered oauth_applications/new.html.haml within layouts/doorkeeper/admin (Duration: 17.6ms | GC: 1.2ms)
  Rendered layout vendor/bundle/ruby/3.2.0/gems/doorkeeper-5.9.0/app/views/layouts/doorkeeper/admin.html.erb (Duration: 21.0ms | GC: 1.2ms)
Completed 200 OK in 33ms (Views: 21.7ms | ActiveRecord: 0.3ms (1 query, 0 cached) | GC: 1.5ms)


Started POST "/oauth/applications" for ::1 at 2026-04-13 11:37:43 +0000
Processing by OauthApplicationsController#create as HTML
  Parameters: {"authenticity_token"=>"[FILTERED]", "doorkeeper_application"=>{"name"=>"My Test App", "redirect_uri"=>"https://example.com", "scopes"=>"", "confidential"=>"1"}, "commit"=>"Submit"}
  [1m[36mUser Load (0.3ms)[0m  [1m[34mSELECT "users".* FROM "users" WHERE "users"."id" = ? ORDER BY "users"."id" ASC LIMIT ?[0m  [["id", 1], ["LIMIT", 1]]
  [1m[36mTRANSACTION (0.1ms)[0m  [1m[36mBEGIN immediate TRANSACTION[0m
  ↳ app/controllers/oauth_applications_controller.rb:13:in `create'
  [1m[36mDoorkeeper::Application Exists? (2.7ms)[0m  [1m[34mSELECT 1 AS one FROM "oauth_applications" WHERE "oauth_applications"."uid" = ? LIMIT ?[0m  [["uid", "aj0D9wwfuMWg2eUxO8v6DSedB6BUj6eA1imvsCbLVs8"], ["LIMIT", 1]]
  ↳ app/controllers/oauth_applications_controller.rb:13:in `create'
  [1m[36mDoorkeeper::Application Create (0.3ms)[0m  [1m[32mINSERT INTO "oauth_applications" ("name", "uid", "secret", "redirect_uri", "scopes", "confidential", "created_at", "updated_at", "owner_id", "owner_type") VALUES (?, ?, ?, ?, ?, ?, ?, ?, ?, ?) RETURNING "id"[0m  [["name", "My Test App"], ["uid", "aj0D9wwfuMWg2eUxO8v6DSedB6BUj6eA1imvsCbLVs8"], ["secret", "gREKXRgkSZeOlLneBiE5ac8k2XeHBcRVdBhAiTFGF3U"], ["redirect_uri", "https://example.com"], ["scopes", ""], ["confidential", 1], ["created_at", "2026-04-13 11:37:43.059442"], ["updated_at", "2026-04-13 11:37:43.059442"], ["owner_id", nil], ["owner_type", nil]]
  ↳ app/controllers/oauth_applications_controller.rb:13:in `create'
  [1m[36mTRANSACTION (0.1ms)[0m  [1m[36mCOMMIT TRANSACTION[0m
  ↳ app/controllers/oauth_applications_controller.rb:13:in `create'
Redirected to http://localhost:3000/oauth/applications/2
Completed 302 Found in 15ms (ActiveRecord: 3.4ms (3 queries, 0 cached) | GC: 0.4ms)


Started GET "/oauth/applications/2" for ::1 at 2026-04-13 11:37:43 +0000
Processing by OauthApplicationsController#show as HTML
  Parameters: {"id"=>"2"}
  [1m[36mUser Load (0.3ms)[0m  [1m[34mSELECT "users".* FROM "users" WHERE "users"."id" = ? ORDER BY "users"."id" ASC LIMIT ?[0m  [["id", 1], ["LIMIT", 1]]
  [1m[36mDoorkeeper::Application Load (0.3ms)[0m  [1m[34mSELECT "oauth_applications".* FROM "oauth_applications" WHERE "oauth_applications"."owner_id" = ? AND "oauth_applications"."owner_type" = ? AND "oauth_applications"."id" = ? LIMIT ?[0m  [["owner_id", 1], ["owner_type", "User"], ["id", 2], ["LIMIT", 1]]
  ↳ app/controllers/oauth_applications_controller.rb:24:in `set_application'
Completed 404 Not Found in 7ms (ActiveRecord: 0.6ms (2 queries, 0 cached) | GC: 0.0ms)



ActiveRecord::RecordNotFound (Couldn't find Doorkeeper::Application with 'id'="2" [WHERE "oauth_applications"."owner_id" = ? AND "oauth_applications"."owner_type" = ?]):

app/controllers/oauth_applications_controller.rb:24:in `set_application'
Started GET "/admin/oauth_applications" for ::1 at 2026-04-13 11:37:44 +0000
Processing by Admin::OauthApplicationsController#index as HTML
  [1m[36mUser Load (0.2ms)[0m  [1m[34mSELECT "users".* FROM "users" WHERE "users"."id" = ? ORDER BY "users"."id" ASC LIMIT ?[0m  [["id", 1], ["LIMIT", 1]]
  Rendering layout vendor/bundle/ruby/3.2.0/gems/doorkeeper-5.9.0/app/views/layouts/doorkeeper/admin.html.erb
  Rendering admin/oauth_applications/index.html.haml within layouts/doorkeeper/admin
  [1m[36mDoorkeeper::Application Load (0.2ms)[0m  [1m[34mSELECT "oauth_applications".* FROM "oauth_applications"[0m
  ↳ app/views/admin/oauth_applications/index.html.haml:16
  Rendered admin/oauth_applications/index.html.haml within layouts/doorkeeper/admin (Duration: 10.0ms | GC: 1.5ms)
  Rendered layout vendor/bundle/ruby/3.2.0/gems/doorkeeper-5.9.0/app/views/layouts/doorkeeper/admin.html.erb (Duration: 13.4ms | GC: 1.7ms)
Completed 200 OK in 18ms (Views: 13.8ms | ActiveRecord: 0.5ms (2 queries, 0 cached) | GC: 1.7ms)


Started GET "/users/sign_in" for ::1 at 2026-04-13 11:39:26 +0000
Processing by SessionsController#new as HTML
  Rendering layout layouts/application.html.haml
  Rendering devise/sessions/new.html.haml within layouts/application
  [1m[36mSetting Load (0.2ms)[0m  [1m[34mSELECT "settings".* FROM "settings" WHERE "settings"."name" = ? LIMIT ?[0m  [["name", "user_signup"], ["LIMIT", 1]]
  ↳ app/models/setting.rb:44:in `method_missing'
  Rendered devise/sessions/new.html.haml within layouts/application (Duration: 14.7ms | GC: 0.6ms)
  Rendered layouts/_header.html.haml (Duration: 6.7ms | GC: 0.0ms)
  Rendered layouts/_about.html.haml (Duration: 7.4ms | GC: 0.0ms)
  Rendered layouts/_footer.html.haml (Duration: 12.4ms | GC: 0.0ms)
  Rendered layouts/_tabless.html.haml (Duration: 16.2ms | GC: 0.0ms)
  [1m[36mSetting Load (0.2ms)[0m  [1m[34mSELECT "settings".* FROM "settings" WHERE "settings"."name" = ? LIMIT ?[0m  [["name", "base_url"], ["LIMIT", 1]]
  ↳ app/models/setting.rb:61:in `[]'
  Rendered layout layouts/application.html.haml (Duration: 113.1ms | GC: 5.1ms)
Completed 200 OK in 147ms (Views: 119.2ms | ActiveRecord: 3.8ms (2 queries, 0 cached) | GC: 7.2ms)


Started GET "/home/timezone?offset=0" for ::1 at 2026-04-13 11:39:27 +0000
Processing by HomeController#timezone as */*
  Parameters: {"offset"=>"0"}
Completed 200 OK in 8ms (ActiveRecord: 0.0ms (0 queries, 0 cached) | GC: 0.0ms)


Started POST "/users/sign_in" for ::1 at 2026-04-13 11:39:27 +0000
Processing by SessionsController#create as HTML
  Parameters: {"authenticity_token"=>"[FILTERED]", "user"=>{"email"=>"admin@example.com", "password"=>"[FILTERED]", "remember_me"=>"0"}, "commit"=>"Login"}
  [1m[36mUser Load (0.3ms)[0m  [1m[34mSELECT "users".* FROM "users" WHERE (lower(username) = ? OR lower(email) = ?) ORDER BY "users"."id" ASC LIMIT ?[0m  [[nil, "admin@example.com"], [nil, "admin@example.com"], ["LIMIT", 1]]
  ↳ app/models/users/user.rb:219:in `find_for_database_authentication'
  [1m[36mTRANSACTION (0.1ms)[0m  [1m[36mBEGIN immediate TRANSACTION[0m
  ↳ app/controllers/application_controller.rb:233:in `current_user'
  [1m[36mUser Update (1.4ms)[0m  [1m[33mUPDATE "users" SET "last_sign_in_at" = ?, "current_sign_in_at" = ?, "sign_in_count" = ?, "updated_at" = ? WHERE "users"."id" = ?[0m  [["last_sign_in_at", "2026-04-13 11:37:37.894144"], ["current_sign_in_at", "2026-04-13 11:39:27.776592"], ["sign_in_count", 5], ["updated_at", "2026-04-13 11:39:27.777162"], ["id", 1]]
  ↳ app/controllers/application_controller.rb:233:in `current_user'
  [1m[36mVersion Create (0.2ms)[0m  [1m[32mINSERT INTO "versions" ("item_type", "item_id", "event", "whodunnit", "object", "created_at", "object_changes", "related_id", "related_type", "transaction_id") VALUES (?, ?, ?, ?, ?, ?, ?, ?, ?, ?) RETURNING "id"[0m  [["item_type", "User"], ["item_id", 1], ["event", "update"], ["whodunnit", nil], ["object", "---\nlast_sign_in_at: 2026-04-13 11:36:40.970670000 Z\ncurrent_sign_in_at: 2026-04-13 11:37:37.894144000 Z\nlast_sign_in_ip: \"::1\"\ncurrent_sign_in_ip: \"::1\"\nsign_in_count: 4\nid: 1\nusername: admin\nemail: admin@example.com\nfirst_name:\nlast_name:\ntitle:\ncompany:\nalt_email:\nphone:\nmobile:\ngoogle:\nencrypted_password: 5ac7e2049cbb991f1c9f3cf876402b8d3028751ed5037021fafc1ca9ecadf2d16e287335650d809701bc716ebcd0f0db683151bcb14be775dc1959ddc70343da\npassword_salt: 1QnD2cEw2W1da6H9CzWq\ndeleted_at:\ncreated_at: 2026-04-13 11:30:01.303298000 Z\nupdated_at: 2026-04-13 11:37:37.895497000 Z\nadmin: true\nsuspended_at:\nunconfirmed_email:\nreset_password_token:\nreset_password_sent_at:\nremember_token:\nremember_created_at:\nauthentication_token:\nconfirmation_token:\nconfirmed_at: 2026-04-13 11:30:01.268887000 Z\nconfirmation_sent_at:\nsubscribe_to_comment_replies: true\nreceive_assigned_notifications: true\nzoom:\nteams:\nsignal:\ninstagram:\nfacebook:\nmastodon:\nbluesky:\ntwitter:\nlinkedin:\nblog:\n"], ["created_at", "2026-04-13 11:39:27.777162"], ["object_changes", "---\ncurrent_sign_in_at:\n- 2026-04-13 11:37:37.894144000 Z\n- 2026-04-13 11:39:27.776592822 Z\nsign_in_count:\n- 4\n- 5\nupdated_at:\n- 2026-04-13 11:37:37.895497000 Z\n- 2026-04-13 11:39:27.777162584 Z\n"], ["related_id", nil], ["related_type", nil], ["transaction_id", nil]]
  ↳ app/controllers/application_controller.rb:233:in `current_user'
  [1m[36mTRANSACTION (0.3ms)[0m  [1m[36mCOMMIT TRANSACTION[0m
  ↳ app/controllers/application_controller.rb:233:in `current_user'
  [1m[36mPreference Load (0.2ms)[0m  [1m[34mSELECT "preferences".* FROM "preferences" WHERE "preferences"."name" = ? AND "preferences"."user_id" = ? LIMIT ?[0m  [["name", "locale"], ["user_id", 1], ["LIMIT", 1]]
  ↳ app/models/users/preference.rb:30:in `[]'
  [1m[36mSetting Load (0.1ms)[0m  [1m[34mSELECT "settings".* FROM "settings" WHERE "settings"."name" = ? LIMIT ?[0m  [["name", "locale"], ["LIMIT", 1]]
  ↳ app/models/setting.rb:44:in `method_missing'
Redirected to http://localhost:3000/
Completed 302 Found in 73ms (ActiveRecord: 5.9ms (5 queries, 0 cached) | GC: 18.9ms)


Started GET "/" for ::1 at 2026-04-13 11:39:27 +0000
Processing by HomeController#index as HTML
  [1m[36mUser Load (0.4ms)[0m  [1m[34mSELECT "users".* FROM "users" WHERE "users"."id" = ? ORDER BY "users"."id" ASC LIMIT ?[0m  [["id", 1], ["LIMIT", 1]]
  [1m[36mPreference Load (0.2ms)[0m  [1m[34mSELECT "preferences".* FROM "preferences" WHERE "preferences"."name" = ? AND "preferences"."user_id" = ? LIMIT ?[0m  [["name", "locale"], ["user_id", 1], ["LIMIT", 1]]
  ↳ app/models/users/preference.rb:30:in `[]'
  [1m[36mSetting Load (0.2ms)[0m  [1m[34mSELECT "settings".* FROM "settings" WHERE "settings"."name" = ? LIMIT ?[0m  [["name", "locale"], ["LIMIT", 1]]
  ↳ app/models/setting.rb:61:in `[]'
  [1m[36mPreference Load (0.1ms)[0m  [1m[34mSELECT "preferences".* FROM "preferences" WHERE "preferences"."name" = ? AND "preferences"."user_id" = ? LIMIT ?[0m  [["name", "activity_asset"], ["user_id", 1], ["LIMIT", 1]]
  ↳ app/models/users/preference.rb:30:in `[]'
  [1m[36mPreference Load (0.1ms)[0m  [1m[34mSELECT "preferences".* FROM "preferences" WHERE "preferences"."name" = ? AND "preferences"."user_id" = ? LIMIT ?[0m  [["name", "activity_event"], ["user_id", 1], ["LIMIT", 1]]
  ↳ app/models/users/preference.rb:30:in `[]'
  [1m[36mPreference Load (0.1ms)[0m  [1m[34mSELECT "preferences".* FROM "preferences" WHERE "preferences"."name" = ? AND "preferences"."user_id" = ? LIMIT ?[0m  [["name", "activity_user"], ["user_id", 1], ["LIMIT", 1]]
  ↳ app/models/users/preference.rb:30:in `[]'
  [1m[36mPreference Load (0.1ms)[0m  [1m[34mSELECT "preferences".* FROM "preferences" WHERE "preferences"."name" = ? AND "preferences"."user_id" = ? LIMIT ?[0m  [["name", "activity_duration"], ["user_id", 1], ["LIMIT", 1]]
  ↳ app/models/users/preference.rb:30:in `[]'
  [1m[36mVersion Load (0.2ms)[0m  [1m[34mSELECT "versions".* FROM "versions" WHERE (versions.created_at >= ?) ORDER BY created_at DESC LIMIT ?[0m  [[nil, "2026-04-11 11:39:27.856552"], ["LIMIT", 500]]
  ↳ app/models/polymorphic/version.rb:66:in `visible_to'
  [1m[36mUser Load (0.3ms)[0m  [1m[34mSELECT "users".* FROM "users" WHERE "users"."id" = ?[0m  [["id", nil]]
  ↳ app/models/polymorphic/version.rb:66:in `visible_to'
  [1m[36mUser Load (0.1ms)[0m  [1m[34mSELECT "users".* FROM "users" WHERE "users"."id" = ?[0m  [["id", 1]]
  ↳ app/models/polymorphic/version.rb:66:in `visible_to'
  Rendering layout layouts/application.html.haml
  Rendering home/index.html.haml within layouts/application
  Rendered shared/_inline_styles.html.haml (Duration: 2.6ms | GC: 0.5ms)
  [1m[36mTask Exists? (0.2ms)[0m  [1m[34mSELECT 1 AS one FROM "tasks" WHERE ((user_id = ? AND assigned_to IS NULL) OR assigned_to = ?) AND (completed_at IS NULL) LIMIT ?[0m  [[nil, 1], [nil, 1], ["LIMIT", 1]]
  ↳ app/views/home/index.html.haml:7
  [1m[36mOpportunity Exists? (0.2ms)[0m  [1m[34mSELECT 1 AS one FROM "opportunities" WHERE ((user_id = ? AND assigned_to IS NULL) OR assigned_to = ?) AND (opportunities.stage != 'won') AND (opportunities.stage != 'lost') LIMIT ?[0m  [[nil, 1], [nil, 1], ["LIMIT", 1]]
  ↳ app/views/home/index.html.haml:16
  [1m[36mAccount Exists? (0.2ms)[0m  [1m[34mSELECT 1 AS one FROM "accounts" WHERE ((user_id = ? AND assigned_to IS NULL) OR assigned_to = ?) LIMIT ?[0m  [[nil, 1], [nil, 1], ["LIMIT", 1]]
  ↳ app/views/home/index.html.haml:25
  Rendered collection of home/_activity.html.haml [6 times] (Duration: 7.8ms | GC: 0.8ms)
  Rendered shared/_export.html.haml (Duration: 3.3ms | GC: 0.3ms)
  Rendered home/index.html.haml within layouts/application (Duration: 36.3ms | GC: 4.4ms)
  Rendered layouts/_jumpbox.html.haml (Duration: 5.8ms | GC: 0.3ms)
  Rendered layouts/_header.html.haml (Duration: 14.0ms | GC: 1.2ms)
  [1m[36mList Exists? (0.2ms)[0m  [1m[34mSELECT 1 AS one FROM "lists" WHERE "lists"."user_id" IS NULL LIMIT ?[0m  [["LIMIT", 1]]
  ↳ app/views/lists/_sidebar.html.haml:7
  Rendered lists/_sidebar.html.haml (Duration: 16.0ms | GC: 0.7ms)
  [1m[36mList Exists? (0.2ms)[0m  [1m[34mSELECT 1 AS one FROM "lists" WHERE "lists"."user_id" = ? LIMIT ?[0m  [["user_id", 1], ["LIMIT", 1]]
  ↳ app/views/lists/_sidebar.html.haml:7
  Rendered lists/_sidebar.html.haml (Duration: 11.9ms | GC: 0.2ms)
  Rendered lists/_lists.html.haml (Duration: 34.8ms | GC: 1.2ms)
  [1m[36mVersion Exists? (0.2ms)[0m  [1m[34mSELECT 1 AS one FROM "versions" WHERE "versions"."whodunnit" = ? AND "versions"."item_type" IN (?, ?, ?, ?, ?) LIMIT ? OFFSET ?[0m  [["whodunnit", "1"], ["item_type", "Account"], ["item_type", "Campaign"], ["item_type", "Contact"], ["item_type", "Lead"], ["item_type", "Opportunity"], ["LIMIT", 1], ["OFFSET", 0]]
  ↳ app/models/polymorphic/version.rb:37:in `recent_for_user'
  Rendered shared/_recently.html.haml (Duration: 5.1ms | GC: 0.0ms)
  Rendered layouts/_sidebar.html.haml (Duration: 45.0ms | GC: 1.5ms)
  Rendered layouts/_tabbed.html.haml (Duration: 54.9ms | GC: 2.2ms)
  Rendered layouts/_about.html.haml (Duration: 6.5ms | GC: 0.0ms)
  Rendered layouts/_footer.html.haml (Duration: 11.3ms | GC: 0.0ms)
  [1m[36mSetting Load (0.1ms)[0m  [1m[34mSELECT "settings".* FROM "settings" WHERE "settings"."name" = ? LIMIT ?[0m  [["name", "base_url"], ["LIMIT", 1]]
  ↳ app/models/setting.rb:61:in `[]'
  Rendered layout layouts/application.html.haml (Duration: 184.7ms | GC: 12.2ms)
Completed 200 OK in 226ms (Views: 187.5ms | ActiveRecord: 4.7ms (17 queries, 0 cached) | GC: 16.1ms)


Started GET "/profile" for ::1 at 2026-04-13 11:39:29 +0000
Processing by UsersController#show as HTML
  [1m[36mUser Load (0.5ms)[0m  [1m[34mSELECT "users".* FROM "users" WHERE "users"."id" = ? ORDER BY "users"."id" ASC LIMIT ?[0m  [["id", 1], ["LIMIT", 1]]
  [1m[36mPreference Load (0.1ms)[0m  [1m[34mSELECT "preferences".* FROM "preferences" WHERE "preferences"."name" = ? AND "preferences"."user_id" = ? LIMIT ?[0m  [["name", "locale"], ["user_id", 1], ["LIMIT", 1]]
  ↳ app/models/users/preference.rb:30:in `[]'
  [1m[36mSetting Load (0.1ms)[0m  [1m[34mSELECT "settings".* FROM "settings" WHERE "settings"."name" = ? LIMIT ?[0m  [["name", "locale"], ["LIMIT", 1]]
  ↳ app/models/setting.rb:61:in `[]'
  [1m[36mSetting Load (0.1ms)[0m  [1m[34mSELECT "settings".* FROM "settings" WHERE "settings"."name" = ? LIMIT ?[0m  [["name", "user_signup"], ["LIMIT", 1]]
  ↳ app/models/setting.rb:61:in `[]'
  [1m[36mFieldGroup Load (0.1ms)[0m  [1m[34mSELECT "field_groups".* FROM "field_groups" WHERE "field_groups"."klass_name" = ? ORDER BY "field_groups"."position" ASC[0m  [["klass_name", "Campaign"]]
  ↳ lib/fat_free_crm/fields.rb:37:in `map'
  Rendering layout layouts/application.html.haml
  Rendering users/show.html.haml within layouts/application
  [1m[36mSetting Load (0.2ms)[0m  [1m[34mSELECT "settings".* FROM "settings" WHERE "settings"."name" = ? LIMIT ?[0m  [["name", "per_user_locale"], ["LIMIT", 1]]
  ↳ app/models/setting.rb:61:in `[]'
  [1m[36mAvatar Load (0.2ms)[0m  [1m[34mSELECT "avatars".* FROM "avatars" WHERE "avatars"."entity_id" = ? AND "avatars"."entity_type" = ? LIMIT ?[0m  [["entity_id", 1], ["entity_type", "User"], ["LIMIT", 1]]
  ↳ app/helpers/application_helper.rb:368:in `avatar_for'
  Rendered users/_user.html.haml (Duration: 24.9ms | GC: 1.6ms)
  Rendered users/show.html.haml within layouts/application (Duration: 33.9ms | GC: 2.0ms)
  Rendered layouts/_jumpbox.html.haml (Duration: 70.0ms | GC: 62.7ms)
  Rendered layouts/_header.html.haml (Duration: 76.7ms | GC: 67.6ms)
  [1m[36mList Exists? (0.2ms)[0m  [1m[34mSELECT 1 AS one FROM "lists" WHERE "lists"."user_id" IS NULL LIMIT ?[0m  [["LIMIT", 1]]
  ↳ app/views/lists/_sidebar.html.haml:7
  Rendered lists/_sidebar.html.haml (Duration: 18.5ms | GC: 2.5ms)
  [1m[36mList Exists? (0.1ms)[0m  [1m[34mSELECT 1 AS one FROM "lists" WHERE "lists"."user_id" = ? LIMIT ?[0m  [["user_id", 1], ["LIMIT", 1]]
  ↳ app/views/lists/_sidebar.html.haml:7
  Rendered lists/_sidebar.html.haml (Duration: 13.0ms | GC: 1.2ms)
  Rendered lists/_lists.html.haml (Duration: 38.4ms | GC: 4.4ms)
  [1m[36mVersion Exists? (0.2ms)[0m  [1m[34mSELECT 1 AS one FROM "versions" WHERE "versions"."whodunnit" = ? AND "versions"."item_type" IN (?, ?, ?, ?, ?) LIMIT ? OFFSET ?[0m  [["whodunnit", "1"], ["item_type", "Account"], ["item_type", "Campaign"], ["item_type", "Contact"], ["item_type", "Lead"], ["item_type", "Opportunity"], ["LIMIT", 1], ["OFFSET", 0]]
  ↳ app/models/polymorphic/version.rb:37:in `recent_for_user'
  Rendered shared/_recently.html.haml (Duration: 7.3ms | GC: 0.7ms)
  Rendered layouts/_sidebar.html.haml (Duration: 51.6ms | GC: 6.5ms)
  Rendered layouts/_tabbed.html.haml (Duration: 66.2ms | GC: 9.6ms)
  Rendered layouts/_about.html.haml (Duration: 0.4ms | GC: 0.0ms)
  Rendered layouts/_footer.html.haml (Duration: 0.8ms | GC: 0.0ms)
  [1m[36mSetting Load (0.1ms)[0m  [1m[34mSELECT "settings".* FROM "settings" WHERE "settings"."name" = ? LIMIT ?[0m  [["name", "base_url"], ["LIMIT", 1]]
  ↳ app/models/setting.rb:61:in `[]'
  Rendered layout layouts/application.html.haml (Duration: 337.3ms | GC: 184.4ms)
Completed 200 OK in 380ms (Views: 337.7ms | ActiveRecord: 4.2ms (11 queries, 0 cached) | GC: 186.9ms)


Started GET "/oauth/applications" for ::1 at 2026-04-13 11:39:30 +0000
Processing by OauthApplicationsController#index as HTML
  [1m[36mUser Load (0.2ms)[0m  [1m[34mSELECT "users".* FROM "users" WHERE "users"."id" = ? ORDER BY "users"."id" ASC LIMIT ?[0m  [["id", 1], ["LIMIT", 1]]
  Rendering layout vendor/bundle/ruby/3.2.0/gems/doorkeeper-5.9.0/app/views/layouts/doorkeeper/admin.html.erb
  Rendering oauth_applications/index.html.haml within layouts/doorkeeper/admin
  [1m[36mDoorkeeper::Application Exists? (0.2ms)[0m  [1m[34mSELECT 1 AS one FROM "oauth_applications" WHERE "oauth_applications"."owner_id" = ? AND "oauth_applications"."owner_type" = ? LIMIT ?[0m  [["owner_id", 1], ["owner_type", "User"], ["LIMIT", 1]]
  ↳ app/views/oauth_applications/index.html.haml:7
  Rendered oauth_applications/index.html.haml within layouts/doorkeeper/admin (Duration: 9.3ms | GC: 1.0ms)
  Rendered layout vendor/bundle/ruby/3.2.0/gems/doorkeeper-5.9.0/app/views/layouts/doorkeeper/admin.html.erb (Duration: 13.4ms | GC: 1.3ms)
Completed 200 OK in 21ms (Views: 16.1ms | ActiveRecord: 0.4ms (2 queries, 0 cached) | GC: 1.6ms)


Started GET "/oauth/applications/new" for ::1 at 2026-04-13 11:39:32 +0000
Processing by OauthApplicationsController#new as HTML
  [1m[36mUser Load (0.3ms)[0m  [1m[34mSELECT "users".* FROM "users" WHERE "users"."id" = ? ORDER BY "users"."id" ASC LIMIT ?[0m  [["id", 1], ["LIMIT", 1]]
  Rendering layout vendor/bundle/ruby/3.2.0/gems/doorkeeper-5.9.0/app/views/layouts/doorkeeper/admin.html.erb
  Rendering oauth_applications/new.html.haml within layouts/doorkeeper/admin
  Rendered oauth_applications/_form.html.haml (Duration: 10.8ms | GC: 0.8ms)
  Rendered oauth_applications/new.html.haml within layouts/doorkeeper/admin (Duration: 15.5ms | GC: 1.1ms)
  Rendered layout vendor/bundle/ruby/3.2.0/gems/doorkeeper-5.9.0/app/views/layouts/doorkeeper/admin.html.erb (Duration: 18.8ms | GC: 1.2ms)
Completed 200 OK in 24ms (Views: 19.6ms | ActiveRecord: 0.3ms (1 query, 0 cached) | GC: 1.4ms)


Started POST "/oauth/applications" for ::1 at 2026-04-13 11:39:33 +0000
Processing by OauthApplicationsController#create as HTML
  Parameters: {"authenticity_token"=>"[FILTERED]", "doorkeeper_application"=>{"name"=>"My Test App", "redirect_uri"=>"https://example.com", "scopes"=>"", "confidential"=>"1"}, "commit"=>"Submit"}
  [1m[36mUser Load (0.3ms)[0m  [1m[34mSELECT "users".* FROM "users" WHERE "users"."id" = ? ORDER BY "users"."id" ASC LIMIT ?[0m  [["id", 1], ["LIMIT", 1]]
  [1m[36mTRANSACTION (0.1ms)[0m  [1m[36mBEGIN immediate TRANSACTION[0m
  ↳ app/controllers/oauth_applications_controller.rb:13:in `create'
  [1m[36mDoorkeeper::Application Exists? (1.5ms)[0m  [1m[34mSELECT 1 AS one FROM "oauth_applications" WHERE "oauth_applications"."uid" = ? LIMIT ?[0m  [["uid", "VrxYyxksi8UFPtfAOU2qa51mZIK1pHncaAlW3MOqlOc"], ["LIMIT", 1]]
  ↳ app/controllers/oauth_applications_controller.rb:13:in `create'
  [1m[36mDoorkeeper::Application Create (0.2ms)[0m  [1m[32mINSERT INTO "oauth_applications" ("name", "uid", "secret", "redirect_uri", "scopes", "confidential", "created_at", "updated_at", "owner_id", "owner_type") VALUES (?, ?, ?, ?, ?, ?, ?, ?, ?, ?) RETURNING "id"[0m  [["name", "My Test App"], ["uid", "VrxYyxksi8UFPtfAOU2qa51mZIK1pHncaAlW3MOqlOc"], ["secret", "ATVWXrHcGtJblvH31QWlIxby1I18wFXR1EueoADObVE"], ["redirect_uri", "https://example.com"], ["scopes", ""], ["confidential", 1], ["created_at", "2026-04-13 11:39:33.195119"], ["updated_at", "2026-04-13 11:39:33.195119"], ["owner_id", 1], ["owner_type", "User"]]
  ↳ app/controllers/oauth_applications_controller.rb:13:in `create'
  [1m[36mTRANSACTION (0.1ms)[0m  [1m[36mCOMMIT TRANSACTION[0m
  ↳ app/controllers/oauth_applications_controller.rb:13:in `create'
Redirected to http://localhost:3000/oauth/applications/3
Completed 302 Found in 12ms (ActiveRecord: 2.1ms (3 queries, 0 cached) | GC: 0.1ms)


Started GET "/oauth/applications/3" for ::1 at 2026-04-13 11:39:33 +0000
Processing by OauthApplicationsController#show as HTML
  Parameters: {"id"=>"3"}
  [1m[36mUser Load (0.2ms)[0m  [1m[34mSELECT "users".* FROM "users" WHERE "users"."id" = ? ORDER BY "users"."id" ASC LIMIT ?[0m  [["id", 1], ["LIMIT", 1]]
  [1m[36mDoorkeeper::Application Load (0.2ms)[0m  [1m[34mSELECT "oauth_applications".* FROM "oauth_applications" WHERE "oauth_applications"."owner_id" = ? AND "oauth_applications"."owner_type" = ? AND "oauth_applications"."id" = ? LIMIT ?[0m  [["owner_id", 1], ["owner_type", "User"], ["id", 3], ["LIMIT", 1]]
  ↳ app/controllers/oauth_applications_controller.rb:24:in `set_application'
  Rendering layout vendor/bundle/ruby/3.2.0/gems/doorkeeper-5.9.0/app/views/layouts/doorkeeper/admin.html.erb
  Rendering oauth_applications/show.html.haml within layouts/doorkeeper/admin
  Rendered oauth_applications/show.html.haml within layouts/doorkeeper/admin (Duration: 8.0ms | GC: 0.3ms)
  Rendered layout vendor/bundle/ruby/3.2.0/gems/doorkeeper-5.9.0/app/views/layouts/doorkeeper/admin.html.erb (Duration: 11.2ms | GC: 0.3ms)
Completed 200 OK in 18ms (Views: 11.7ms | ActiveRecord: 0.5ms (2 queries, 0 cached) | GC: 0.3ms)


Started GET "/admin/oauth_applications" for ::1 at 2026-04-13 11:39:34 +0000
Processing by Admin::OauthApplicationsController#index as HTML
  [1m[36mUser Load (0.3ms)[0m  [1m[34mSELECT "users".* FROM "users" WHERE "users"."id" = ? ORDER BY "users"."id" ASC LIMIT ?[0m  [["id", 1], ["LIMIT", 1]]
  Rendering layout vendor/bundle/ruby/3.2.0/gems/doorkeeper-5.9.0/app/views/layouts/doorkeeper/admin.html.erb
  Rendering admin/oauth_applications/index.html.haml within layouts/doorkeeper/admin
  [1m[36mDoorkeeper::Application Load (0.2ms)[0m  [1m[34mSELECT "oauth_applications".* FROM "oauth_applications"[0m
  ↳ app/views/admin/oauth_applications/index.html.haml:16
  [1m[36mUser Load (0.5ms)[0m  [1m[34mSELECT "users".* FROM "users" WHERE "users"."id" = ? LIMIT ?[0m  [["id", 1], ["LIMIT", 1]]
  ↳ app/views/admin/oauth_applications/index.html.haml:20
  Rendered admin/oauth_applications/index.html.haml within layouts/doorkeeper/admin (Duration: 13.4ms | GC: 0.9ms)
  Rendered layout vendor/bundle/ruby/3.2.0/gems/doorkeeper-5.9.0/app/views/layouts/doorkeeper/admin.html.erb (Duration: 16.8ms | GC: 1.0ms)
Completed 200 OK in 22ms (Views: 16.8ms | ActiveRecord: 0.9ms (3 queries, 0 cached) | GC: 1.0ms)


Started GET "/users/sign_in" for ::1 at 2026-04-13 11:40:33 +0000
Processing by SessionsController#new as HTML
  Rendering layout layouts/application.html.haml
  Rendering devise/sessions/new.html.haml within layouts/application
  [1m[36mSetting Load (0.2ms)[0m  [1m[34mSELECT "settings".* FROM "settings" WHERE "settings"."name" = ? LIMIT ?[0m  [["name", "user_signup"], ["LIMIT", 1]]
  ↳ app/models/setting.rb:44:in `method_missing'
  Rendered devise/sessions/new.html.haml within layouts/application (Duration: 14.3ms | GC: 0.1ms)
  Rendered layouts/_header.html.haml (Duration: 7.6ms | GC: 1.0ms)
  Rendered layouts/_about.html.haml (Duration: 8.0ms | GC: 0.6ms)
  Rendered layouts/_footer.html.haml (Duration: 13.2ms | GC: 0.8ms)
  Rendered layouts/_tabless.html.haml (Duration: 17.4ms | GC: 1.2ms)
  [1m[36mSetting Load (0.2ms)[0m  [1m[34mSELECT "settings".* FROM "settings" WHERE "settings"."name" = ? LIMIT ?[0m  [["name", "base_url"], ["LIMIT", 1]]
  ↳ app/models/setting.rb:61:in `[]'
  Rendered layout layouts/application.html.haml (Duration: 125.9ms | GC: 19.8ms)
Completed 200 OK in 158ms (Views: 131.8ms | ActiveRecord: 3.2ms (2 queries, 0 cached) | GC: 20.8ms)


Started GET "/home/timezone?offset=0" for ::1 at 2026-04-13 11:40:34 +0000
Processing by HomeController#timezone as */*
  Parameters: {"offset"=>"0"}
Completed 200 OK in 9ms (ActiveRecord: 0.0ms (0 queries, 0 cached) | GC: 0.0ms)


Started POST "/users/sign_in" for ::1 at 2026-04-13 11:40:35 +0000
Processing by SessionsController#create as HTML
  Parameters: {"authenticity_token"=>"[FILTERED]", "user"=>{"email"=>"admin@example.com", "password"=>"[FILTERED]", "remember_me"=>"0"}, "commit"=>"Login"}
  [1m[36mUser Load (0.3ms)[0m  [1m[34mSELECT "users".* FROM "users" WHERE (lower(username) = ? OR lower(email) = ?) ORDER BY "users"."id" ASC LIMIT ?[0m  [[nil, "admin@example.com"], [nil, "admin@example.com"], ["LIMIT", 1]]
  ↳ app/models/users/user.rb:219:in `find_for_database_authentication'
  [1m[36mTRANSACTION (0.1ms)[0m  [1m[36mBEGIN immediate TRANSACTION[0m
  ↳ app/controllers/application_controller.rb:233:in `current_user'
  [1m[36mUser Update (1.6ms)[0m  [1m[33mUPDATE "users" SET "last_sign_in_at" = ?, "current_sign_in_at" = ?, "sign_in_count" = ?, "updated_at" = ? WHERE "users"."id" = ?[0m  [["last_sign_in_at", "2026-04-13 11:39:27.776592"], ["current_sign_in_at", "2026-04-13 11:40:35.472330"], ["sign_in_count", 6], ["updated_at", "2026-04-13 11:40:35.472832"], ["id", 1]]
  ↳ app/controllers/application_controller.rb:233:in `current_user'
  [1m[36mVersion Create (0.2ms)[0m  [1m[32mINSERT INTO "versions" ("item_type", "item_id", "event", "whodunnit", "object", "created_at", "object_changes", "related_id", "related_type", "transaction_id") VALUES (?, ?, ?, ?, ?, ?, ?, ?, ?, ?) RETURNING "id"[0m  [["item_type", "User"], ["item_id", 1], ["event", "update"], ["whodunnit", nil], ["object", "---\nlast_sign_in_at: 2026-04-13 11:37:37.894144000 Z\ncurrent_sign_in_at: 2026-04-13 11:39:27.776592000 Z\nlast_sign_in_ip: \"::1\"\ncurrent_sign_in_ip: \"::1\"\nsign_in_count: 5\nid: 1\nusername: admin\nemail: admin@example.com\nfirst_name:\nlast_name:\ntitle:\ncompany:\nalt_email:\nphone:\nmobile:\ngoogle:\nencrypted_password: 5ac7e2049cbb991f1c9f3cf876402b8d3028751ed5037021fafc1ca9ecadf2d16e287335650d809701bc716ebcd0f0db683151bcb14be775dc1959ddc70343da\npassword_salt: 1QnD2cEw2W1da6H9CzWq\ndeleted_at:\ncreated_at: 2026-04-13 11:30:01.303298000 Z\nupdated_at: 2026-04-13 11:39:27.777162000 Z\nadmin: true\nsuspended_at:\nunconfirmed_email:\nreset_password_token:\nreset_password_sent_at:\nremember_token:\nremember_created_at:\nauthentication_token:\nconfirmation_token:\nconfirmed_at: 2026-04-13 11:30:01.268887000 Z\nconfirmation_sent_at:\nsubscribe_to_comment_replies: true\nreceive_assigned_notifications: true\nzoom:\nteams:\nsignal:\ninstagram:\nfacebook:\nmastodon:\nbluesky:\ntwitter:\nlinkedin:\nblog:\n"], ["created_at", "2026-04-13 11:40:35.472832"], ["object_changes", "---\ncurrent_sign_in_at:\n- 2026-04-13 11:39:27.776592000 Z\n- 2026-04-13 11:40:35.472330356 Z\nsign_in_count:\n- 5\n- 6\nupdated_at:\n- 2026-04-13 11:39:27.777162000 Z\n- 2026-04-13 11:40:35.472832427 Z\n"], ["related_id", nil], ["related_type", nil], ["transaction_id", nil]]
  ↳ app/controllers/application_controller.rb:233:in `current_user'
  [1m[36mTRANSACTION (0.2ms)[0m  [1m[36mCOMMIT TRANSACTION[0m
  ↳ app/controllers/application_controller.rb:233:in `current_user'
  [1m[36mPreference Load (0.2ms)[0m  [1m[34mSELECT "preferences".* FROM "preferences" WHERE "preferences"."name" = ? AND "preferences"."user_id" = ? LIMIT ?[0m  [["name", "locale"], ["user_id", 1], ["LIMIT", 1]]
  ↳ app/models/users/preference.rb:30:in `[]'
  [1m[36mSetting Load (0.1ms)[0m  [1m[34mSELECT "settings".* FROM "settings" WHERE "settings"."name" = ? LIMIT ?[0m  [["name", "locale"], ["LIMIT", 1]]
  ↳ app/models/setting.rb:44:in `method_missing'
Redirected to http://localhost:3000/
Completed 302 Found in 53ms (ActiveRecord: 6.1ms (5 queries, 0 cached) | GC: 0.0ms)


Started GET "/" for ::1 at 2026-04-13 11:40:35 +0000
Processing by HomeController#index as HTML
  [1m[36mUser Load (0.4ms)[0m  [1m[34mSELECT "users".* FROM "users" WHERE "users"."id" = ? ORDER BY "users"."id" ASC LIMIT ?[0m  [["id", 1], ["LIMIT", 1]]
  [1m[36mPreference Load (0.2ms)[0m  [1m[34mSELECT "preferences".* FROM "preferences" WHERE "preferences"."name" = ? AND "preferences"."user_id" = ? LIMIT ?[0m  [["name", "locale"], ["user_id", 1], ["LIMIT", 1]]
  ↳ app/models/users/preference.rb:30:in `[]'
  [1m[36mSetting Load (0.1ms)[0m  [1m[34mSELECT "settings".* FROM "settings" WHERE "settings"."name" = ? LIMIT ?[0m  [["name", "locale"], ["LIMIT", 1]]
  ↳ app/models/setting.rb:61:in `[]'
  [1m[36mPreference Load (0.1ms)[0m  [1m[34mSELECT "preferences".* FROM "preferences" WHERE "preferences"."name" = ? AND "preferences"."user_id" = ? LIMIT ?[0m  [["name", "activity_asset"], ["user_id", 1], ["LIMIT", 1]]
  ↳ app/models/users/preference.rb:30:in `[]'
  [1m[36mPreference Load (0.2ms)[0m  [1m[34mSELECT "preferences".* FROM "preferences" WHERE "preferences"."name" = ? AND "preferences"."user_id" = ? LIMIT ?[0m  [["name", "activity_event"], ["user_id", 1], ["LIMIT", 1]]
  ↳ app/models/users/preference.rb:30:in `[]'
  [1m[36mPreference Load (0.1ms)[0m  [1m[34mSELECT "preferences".* FROM "preferences" WHERE "preferences"."name" = ? AND "preferences"."user_id" = ? LIMIT ?[0m  [["name", "activity_user"], ["user_id", 1], ["LIMIT", 1]]
  ↳ app/models/users/preference.rb:30:in `[]'
  [1m[36mPreference Load (0.1ms)[0m  [1m[34mSELECT "preferences".* FROM "preferences" WHERE "preferences"."name" = ? AND "preferences"."user_id" = ? LIMIT ?[0m  [["name", "activity_duration"], ["user_id", 1], ["LIMIT", 1]]
  ↳ app/models/users/preference.rb:30:in `[]'
  [1m[36mVersion Load (0.3ms)[0m  [1m[34mSELECT "versions".* FROM "versions" WHERE (versions.created_at >= ?) ORDER BY created_at DESC LIMIT ?[0m  [[nil, "2026-04-11 11:40:35.548751"], ["LIMIT", 500]]
  ↳ app/models/polymorphic/version.rb:66:in `visible_to'
  [1m[36mUser Load (0.3ms)[0m  [1m[34mSELECT "users".* FROM "users" WHERE "users"."id" = ?[0m  [["id", nil]]
  ↳ app/models/polymorphic/version.rb:66:in `visible_to'
  [1m[36mUser Load (0.1ms)[0m  [1m[34mSELECT "users".* FROM "users" WHERE "users"."id" = ?[0m  [["id", 1]]
  ↳ app/models/polymorphic/version.rb:66:in `visible_to'
  Rendering layout layouts/application.html.haml
  Rendering home/index.html.haml within layouts/application
  Rendered shared/_inline_styles.html.haml (Duration: 2.3ms | GC: 0.0ms)
  [1m[36mTask Exists? (0.2ms)[0m  [1m[34mSELECT 1 AS one FROM "tasks" WHERE ((user_id = ? AND assigned_to IS NULL) OR assigned_to = ?) AND (completed_at IS NULL) LIMIT ?[0m  [[nil, 1], [nil, 1], ["LIMIT", 1]]
  ↳ app/views/home/index.html.haml:7
  [1m[36mOpportunity Exists? (0.2ms)[0m  [1m[34mSELECT 1 AS one FROM "opportunities" WHERE ((user_id = ? AND assigned_to IS NULL) OR assigned_to = ?) AND (opportunities.stage != 'won') AND (opportunities.stage != 'lost') LIMIT ?[0m  [[nil, 1], [nil, 1], ["LIMIT", 1]]
  ↳ app/views/home/index.html.haml:16
  [1m[36mAccount Exists? (0.2ms)[0m  [1m[34mSELECT 1 AS one FROM "accounts" WHERE ((user_id = ? AND assigned_to IS NULL) OR assigned_to = ?) LIMIT ?[0m  [[nil, 1], [nil, 1], ["LIMIT", 1]]
  ↳ app/views/home/index.html.haml:25
  Rendered collection of home/_activity.html.haml [7 times] (Duration: 8.4ms | GC: 0.9ms)
  Rendered shared/_export.html.haml (Duration: 3.2ms | GC: 0.3ms)
  Rendered home/index.html.haml within layouts/application (Duration: 39.0ms | GC: 4.8ms)
  Rendered layouts/_jumpbox.html.haml (Duration: 6.4ms | GC: 0.3ms)
  Rendered layouts/_header.html.haml (Duration: 15.8ms | GC: 1.3ms)
  [1m[36mList Exists? (0.2ms)[0m  [1m[34mSELECT 1 AS one FROM "lists" WHERE "lists"."user_id" IS NULL LIMIT ?[0m  [["LIMIT", 1]]
  ↳ app/views/lists/_sidebar.html.haml:7
  Rendered lists/_sidebar.html.haml (Duration: 16.8ms | GC: 0.0ms)
  [1m[36mList Exists? (0.2ms)[0m  [1m[34mSELECT 1 AS one FROM "lists" WHERE "lists"."user_id" = ? LIMIT ?[0m  [["user_id", 1], ["LIMIT", 1]]
  ↳ app/views/lists/_sidebar.html.haml:7
  Rendered lists/_sidebar.html.haml (Duration: 13.7ms | GC: 0.0ms)
  Rendered lists/_lists.html.haml (Duration: 37.5ms | GC: 0.0ms)
  [1m[36mVersion Exists? (0.2ms)[0m  [1m[34mSELECT 1 AS one FROM "versions" WHERE "versions"."whodunnit" = ? AND "versions"."item_type" IN (?, ?, ?, ?, ?) LIMIT ? OFFSET ?[0m  [["whodunnit", "1"], ["item_type", "Account"], ["item_type", "Campaign"], ["item_type", "Contact"], ["item_type", "Lead"], ["item_type", "Opportunity"], ["LIMIT", 1], ["OFFSET", 0]]
  ↳ app/models/polymorphic/version.rb:37:in `recent_for_user'
  Rendered shared/_recently.html.haml (Duration: 6.1ms | GC: 0.0ms)
  Rendered layouts/_sidebar.html.haml (Duration: 48.7ms | GC: 0.0ms)
  Rendered layouts/_tabbed.html.haml (Duration: 58.0ms | GC: 0.0ms)
  Rendered layouts/_about.html.haml (Duration: 7.8ms | GC: 0.0ms)
  Rendered layouts/_footer.html.haml (Duration: 13.0ms | GC: 0.0ms)
  [1m[36mSetting Load (0.2ms)[0m  [1m[34mSELECT "settings".* FROM "settings" WHERE "settings"."name" = ? LIMIT ?[0m  [["name", "base_url"], ["LIMIT", 1]]
  ↳ app/models/setting.rb:61:in `[]'
  Rendered layout layouts/application.html.haml (Duration: 202.5ms | GC: 12.3ms)
Completed 200 OK in 244ms (Views: 205.3ms | ActiveRecord: 4.5ms (17 queries, 0 cached) | GC: 15.2ms)


Started GET "/profile" for ::1 at 2026-04-13 11:40:36 +0000
Processing by UsersController#show as HTML
  [1m[36mUser Load (0.3ms)[0m  [1m[34mSELECT "users".* FROM "users" WHERE "users"."id" = ? ORDER BY "users"."id" ASC LIMIT ?[0m  [["id", 1], ["LIMIT", 1]]
  [1m[36mPreference Load (0.2ms)[0m  [1m[34mSELECT "preferences".* FROM "preferences" WHERE "preferences"."name" = ? AND "preferences"."user_id" = ? LIMIT ?[0m  [["name", "locale"], ["user_id", 1], ["LIMIT", 1]]
  ↳ app/models/users/preference.rb:30:in `[]'
  [1m[36mSetting Load (0.1ms)[0m  [1m[34mSELECT "settings".* FROM "settings" WHERE "settings"."name" = ? LIMIT ?[0m  [["name", "locale"], ["LIMIT", 1]]
  ↳ app/models/setting.rb:61:in `[]'
  [1m[36mSetting Load (0.1ms)[0m  [1m[34mSELECT "settings".* FROM "settings" WHERE "settings"."name" = ? LIMIT ?[0m  [["name", "user_signup"], ["LIMIT", 1]]
  ↳ app/models/setting.rb:61:in `[]'
  [1m[36mFieldGroup Load (0.2ms)[0m  [1m[34mSELECT "field_groups".* FROM "field_groups" WHERE "field_groups"."klass_name" = ? ORDER BY "field_groups"."position" ASC[0m  [["klass_name", "Campaign"]]
  ↳ lib/fat_free_crm/fields.rb:37:in `map'
  Rendering layout layouts/application.html.haml
  Rendering users/show.html.haml within layouts/application
  [1m[36mSetting Load (0.2ms)[0m  [1m[34mSELECT "settings".* FROM "settings" WHERE "settings"."name" = ? LIMIT ?[0m  [["name", "per_user_locale"], ["LIMIT", 1]]
  ↳ app/models/setting.rb:61:in `[]'
  [1m[36mAvatar Load (0.2ms)[0m  [1m[34mSELECT "avatars".* FROM "avatars" WHERE "avatars"."entity_id" = ? AND "avatars"."entity_type" = ? LIMIT ?[0m  [["entity_id", 1], ["entity_type", "User"], ["LIMIT", 1]]
  ↳ app/helpers/application_helper.rb:368:in `avatar_for'
  Rendered users/_user.html.haml (Duration: 16.3ms | GC: 1.3ms)
  Rendered users/show.html.haml within layouts/application (Duration: 25.2ms | GC: 1.9ms)
  Rendered layouts/_jumpbox.html.haml (Duration: 0.4ms | GC: 0.0ms)
  Rendered layouts/_header.html.haml (Duration: 1.2ms | GC: 0.0ms)
  [1m[36mList Exists? (0.3ms)[0m  [1m[34mSELECT 1 AS one FROM "lists" WHERE "lists"."user_id" IS NULL LIMIT ?[0m  [["LIMIT", 1]]
  ↳ app/views/lists/_sidebar.html.haml:7
  Rendered lists/_sidebar.html.haml (Duration: 3.2ms | GC: 0.0ms)
  [1m[36mList Exists? (0.2ms)[0m  [1m[34mSELECT 1 AS one FROM "lists" WHERE "lists"."user_id" = ? LIMIT ?[0m  [["user_id", 1], ["LIMIT", 1]]
  ↳ app/views/lists/_sidebar.html.haml:7
  Rendered lists/_sidebar.html.haml (Duration: 2.6ms | GC: 0.0ms)
  Rendered lists/_lists.html.haml (Duration: 6.4ms | GC: 0.0ms)
  [1m[36mVersion Exists? (0.2ms)[0m  [1m[34mSELECT 1 AS one FROM "versions" WHERE "versions"."whodunnit" = ? AND "versions"."item_type" IN (?, ?, ?, ?, ?) LIMIT ? OFFSET ?[0m  [["whodunnit", "1"], ["item_type", "Account"], ["item_type", "Campaign"], ["item_type", "Contact"], ["item_type", "Lead"], ["item_type", "Opportunity"], ["LIMIT", 1], ["OFFSET", 0]]
  ↳ app/models/polymorphic/version.rb:37:in `recent_for_user'
  Rendered shared/_recently.html.haml (Duration: 1.7ms | GC: 0.0ms)
  Rendered layouts/_sidebar.html.haml (Duration: 8.5ms | GC: 0.0ms)
  Rendered layouts/_tabbed.html.haml (Duration: 10.0ms | GC: 0.0ms)
  Rendered layouts/_about.html.haml (Duration: 0.4ms | GC: 0.0ms)
  Rendered layouts/_footer.html.haml (Duration: 0.8ms | GC: 0.0ms)
  [1m[36mSetting Load (0.1ms)[0m  [1m[34mSELECT "settings".* FROM "settings" WHERE "settings"."name" = ? LIMIT ?[0m  [["name", "base_url"], ["LIMIT", 1]]
  ↳ app/models/setting.rb:61:in `[]'
  Rendered layout layouts/application.html.haml (Duration: 96.1ms | GC: 8.3ms)
Completed 200 OK in 132ms (Views: 96.6ms | ActiveRecord: 2.8ms (11 queries, 0 cached) | GC: 10.8ms)


Started GET "/oauth/applications" for ::1 at 2026-04-13 11:40:38 +0000
Processing by OauthApplicationsController#index as HTML
  [1m[36mUser Load (0.7ms)[0m  [1m[34mSELECT "users".* FROM "users" WHERE "users"."id" = ? ORDER BY "users"."id" ASC LIMIT ?[0m  [["id", 1], ["LIMIT", 1]]
  Rendering layout vendor/bundle/ruby/3.2.0/gems/doorkeeper-5.9.0/app/views/layouts/doorkeeper/admin.html.erb
  Rendering oauth_applications/index.html.haml within layouts/doorkeeper/admin
  [1m[36mDoorkeeper::Application Exists? (0.2ms)[0m  [1m[34mSELECT 1 AS one FROM "oauth_applications" WHERE "oauth_applications"."owner_id" = ? AND "oauth_applications"."owner_type" = ? LIMIT ?[0m  [["owner_id", 1], ["owner_type", "User"], ["LIMIT", 1]]
  ↳ app/views/oauth_applications/index.html.haml:7
  [1m[36mDoorkeeper::Application Load (0.2ms)[0m  [1m[34mSELECT "oauth_applications".* FROM "oauth_applications" WHERE "oauth_applications"."owner_id" = ? AND "oauth_applications"."owner_type" = ?[0m  [["owner_id", 1], ["owner_type", "User"]]
  ↳ app/views/oauth_applications/index.html.haml:16
  Rendered oauth_applications/index.html.haml within layouts/doorkeeper/admin (Duration: 13.9ms | GC: 2.2ms)
  Rendered layout vendor/bundle/ruby/3.2.0/gems/doorkeeper-5.9.0/app/views/layouts/doorkeeper/admin.html.erb (Duration: 18.8ms | GC: 2.8ms)
Completed 200 OK in 28ms (Views: 21.4ms | ActiveRecord: 1.1ms (3 queries, 0 cached) | GC: 3.5ms)


Started GET "/oauth/applications/new" for ::1 at 2026-04-13 11:40:39 +0000
Processing by OauthApplicationsController#new as HTML
  [1m[36mUser Load (0.3ms)[0m  [1m[34mSELECT "users".* FROM "users" WHERE "users"."id" = ? ORDER BY "users"."id" ASC LIMIT ?[0m  [["id", 1], ["LIMIT", 1]]
  Rendering layout vendor/bundle/ruby/3.2.0/gems/doorkeeper-5.9.0/app/views/layouts/doorkeeper/admin.html.erb
  Rendering oauth_applications/new.html.haml within layouts/doorkeeper/admin
  Rendered oauth_applications/_form.html.haml (Duration: 12.3ms | GC: 1.0ms)
  Rendered oauth_applications/new.html.haml within layouts/doorkeeper/admin (Duration: 16.8ms | GC: 1.3ms)
  Rendered layout vendor/bundle/ruby/3.2.0/gems/doorkeeper-5.9.0/app/views/layouts/doorkeeper/admin.html.erb (Duration: 20.5ms | GC: 1.5ms)
Completed 200 OK in 26ms (Views: 21.1ms | ActiveRecord: 0.3ms (1 query, 0 cached) | GC: 1.5ms)


Started POST "/oauth/applications" for ::1 at 2026-04-13 11:40:40 +0000
Processing by OauthApplicationsController#create as HTML
  Parameters: {"authenticity_token"=>"[FILTERED]", "doorkeeper_application"=>{"name"=>"My Test App", "redirect_uri"=>"https://example.com", "scopes"=>"", "confidential"=>"1"}, "commit"=>"Submit"}
  [1m[36mUser Load (0.3ms)[0m  [1m[34mSELECT "users".* FROM "users" WHERE "users"."id" = ? ORDER BY "users"."id" ASC LIMIT ?[0m  [["id", 1], ["LIMIT", 1]]
  [1m[36mTRANSACTION (0.1ms)[0m  [1m[36mBEGIN immediate TRANSACTION[0m
  ↳ app/controllers/oauth_applications_controller.rb:14:in `create'
  [1m[36mDoorkeeper::Application Exists? (1.5ms)[0m  [1m[34mSELECT 1 AS one FROM "oauth_applications" WHERE "oauth_applications"."uid" = ? LIMIT ?[0m  [["uid", "Spc8bPO15RS3rRkG35MrAj0fcJ4Qg_MF7rDR9UO8Psg"], ["LIMIT", 1]]
  ↳ app/controllers/oauth_applications_controller.rb:14:in `create'
  [1m[36mDoorkeeper::Application Create (0.2ms)[0m  [1m[32mINSERT INTO "oauth_applications" ("name", "uid", "secret", "redirect_uri", "scopes", "confidential", "created_at", "updated_at", "owner_id", "owner_type") VALUES (?, ?, ?, ?, ?, ?, ?, ?, ?, ?) RETURNING "id"[0m  [["name", "My Test App"], ["uid", "Spc8bPO15RS3rRkG35MrAj0fcJ4Qg_MF7rDR9UO8Psg"], ["secret", "VUgU337ao1UJ3gVtAAiCjb9Oj2BuF1KotOmm3XiGK_I"], ["redirect_uri", "https://example.com"], ["scopes", ""], ["confidential", 1], ["created_at", "2026-04-13 11:40:40.691039"], ["updated_at", "2026-04-13 11:40:40.691039"], ["owner_id", 1], ["owner_type", "User"]]
  ↳ app/controllers/oauth_applications_controller.rb:14:in `create'
  [1m[36mTRANSACTION (0.1ms)[0m  [1m[36mCOMMIT TRANSACTION[0m
  ↳ app/controllers/oauth_applications_controller.rb:14:in `create'
Redirected to http://localhost:3000/oauth/applications/4
Completed 302 Found in 13ms (ActiveRecord: 2.3ms (3 queries, 0 cached) | GC: 0.2ms)


Started GET "/oauth/applications/4" for ::1 at 2026-04-13 11:40:40 +0000
Processing by OauthApplicationsController#show as HTML
  Parameters: {"id"=>"4"}
  [1m[36mUser Load (0.3ms)[0m  [1m[34mSELECT "users".* FROM "users" WHERE "users"."id" = ? ORDER BY "users"."id" ASC LIMIT ?[0m  [["id", 1], ["LIMIT", 1]]
  [1m[36mDoorkeeper::Application Load (0.3ms)[0m  [1m[34mSELECT "oauth_applications".* FROM "oauth_applications" WHERE "oauth_applications"."owner_id" = ? AND "oauth_applications"."owner_type" = ? AND "oauth_applications"."id" = ? LIMIT ?[0m  [["owner_id", 1], ["owner_type", "User"], ["id", 4], ["LIMIT", 1]]
  ↳ app/controllers/oauth_applications_controller.rb:25:in `set_application'
  Rendering layout vendor/bundle/ruby/3.2.0/gems/doorkeeper-5.9.0/app/views/layouts/doorkeeper/admin.html.erb
  Rendering oauth_applications/show.html.haml within layouts/doorkeeper/admin
  Rendered oauth_applications/show.html.haml within layouts/doorkeeper/admin (Duration: 7.3ms | GC: 0.4ms)
  Rendered layout vendor/bundle/ruby/3.2.0/gems/doorkeeper-5.9.0/app/views/layouts/doorkeeper/admin.html.erb (Duration: 10.6ms | GC: 0.4ms)
Completed 200 OK in 18ms (Views: 11.3ms | ActiveRecord: 0.6ms (2 queries, 0 cached) | GC: 0.6ms)


Started GET "/admin/oauth_applications" for ::1 at 2026-04-13 11:40:41 +0000
Processing by Admin::OauthApplicationsController#index as HTML
  [1m[36mUser Load (0.3ms)[0m  [1m[34mSELECT "users".* FROM "users" WHERE "users"."id" = ? ORDER BY "users"."id" ASC LIMIT ?[0m  [["id", 1], ["LIMIT", 1]]
  Rendering layout vendor/bundle/ruby/3.2.0/gems/doorkeeper-5.9.0/app/views/layouts/doorkeeper/admin.html.erb
  Rendering admin/oauth_applications/index.html.haml within layouts/doorkeeper/admin
  [1m[36mDoorkeeper::Application Load (0.3ms)[0m  [1m[34mSELECT "oauth_applications".* FROM "oauth_applications"[0m
  ↳ app/views/admin/oauth_applications/index.html.haml:16
  [1m[36mUser Load (0.3ms)[0m  [1m[34mSELECT "users".* FROM "users" WHERE "users"."id" = ? LIMIT ?[0m  [["id", 1], ["LIMIT", 1]]
  ↳ app/views/admin/oauth_applications/index.html.haml:20
  [1m[36mCACHE User Load (0.0ms)[0m  [1m[34mSELECT "users".* FROM "users" WHERE "users"."id" = ? LIMIT ?[0m  [["id", 1], ["LIMIT", 1]]
  ↳ app/views/admin/oauth_applications/index.html.haml:20
  Rendered admin/oauth_applications/index.html.haml within layouts/doorkeeper/admin (Duration: 13.9ms | GC: 0.6ms)
  Rendered layout vendor/bundle/ruby/3.2.0/gems/doorkeeper-5.9.0/app/views/layouts/doorkeeper/admin.html.erb (Duration: 17.2ms | GC: 0.7ms)
Completed 200 OK in 22ms (Views: 17.5ms | ActiveRecord: 0.9ms (4 queries, 1 cached) | GC: 0.9ms)


Started GET "/users/sign_in" for ::1 at 2026-04-13 11:41:54 +0000
Processing by SessionsController#new as HTML
  Rendering layout layouts/application.html.haml
  Rendering devise/sessions/new.html.haml within layouts/application
  [1m[36mSetting Load (0.2ms)[0m  [1m[34mSELECT "settings".* FROM "settings" WHERE "settings"."name" = ? LIMIT ?[0m  [["name", "user_signup"], ["LIMIT", 1]]
  ↳ app/models/setting.rb:44:in `method_missing'
  Rendered devise/sessions/new.html.haml within layouts/application (Duration: 53.1ms | GC: 38.9ms)
  Rendered layouts/_header.html.haml (Duration: 8.2ms | GC: 1.9ms)
  Rendered layouts/_about.html.haml (Duration: 7.8ms | GC: 1.0ms)
  Rendered layouts/_footer.html.haml (Duration: 13.1ms | GC: 1.7ms)
  Rendered layouts/_tabless.html.haml (Duration: 16.9ms | GC: 2.1ms)
  [1m[36mSetting Load (0.2ms)[0m  [1m[34mSELECT "settings".* FROM "settings" WHERE "settings"."name" = ? LIMIT ?[0m  [["name", "base_url"], ["LIMIT", 1]]
  ↳ app/models/setting.rb:61:in `[]'
  Rendered layout layouts/application.html.haml (Duration: 308.6ms | GC: 200.8ms)
Completed 200 OK in 339ms (Views: 313.5ms | ActiveRecord: 3.1ms (2 queries, 0 cached) | GC: 201.8ms)


Started GET "/home/timezone?offset=0" for ::1 at 2026-04-13 11:41:55 +0000
Processing by HomeController#timezone as */*
  Parameters: {"offset"=>"0"}
Completed 200 OK in 7ms (ActiveRecord: 0.0ms (0 queries, 0 cached) | GC: 0.5ms)


Started POST "/users/sign_in" for ::1 at 2026-04-13 11:41:56 +0000
Processing by SessionsController#create as HTML
  Parameters: {"authenticity_token"=>"[FILTERED]", "user"=>{"email"=>"admin@example.com", "password"=>"[FILTERED]", "remember_me"=>"0"}, "commit"=>"Login"}
  [1m[36mUser Load (0.3ms)[0m  [1m[34mSELECT "users".* FROM "users" WHERE (lower(username) = ? OR lower(email) = ?) ORDER BY "users"."id" ASC LIMIT ?[0m  [[nil, "admin@example.com"], [nil, "admin@example.com"], ["LIMIT", 1]]
  ↳ app/models/users/user.rb:219:in `find_for_database_authentication'
  [1m[36mTRANSACTION (0.1ms)[0m  [1m[36mBEGIN immediate TRANSACTION[0m
  ↳ app/controllers/application_controller.rb:233:in `current_user'
  [1m[36mUser Update (1.3ms)[0m  [1m[33mUPDATE "users" SET "last_sign_in_at" = ?, "current_sign_in_at" = ?, "sign_in_count" = ?, "updated_at" = ? WHERE "users"."id" = ?[0m  [["last_sign_in_at", "2026-04-13 11:40:35.472330"], ["current_sign_in_at", "2026-04-13 11:41:56.473151"], ["sign_in_count", 7], ["updated_at", "2026-04-13 11:41:56.473667"], ["id", 1]]
  ↳ app/controllers/application_controller.rb:233:in `current_user'
  [1m[36mVersion Create (0.2ms)[0m  [1m[32mINSERT INTO "versions" ("item_type", "item_id", "event", "whodunnit", "object", "created_at", "object_changes", "related_id", "related_type", "transaction_id") VALUES (?, ?, ?, ?, ?, ?, ?, ?, ?, ?) RETURNING "id"[0m  [["item_type", "User"], ["item_id", 1], ["event", "update"], ["whodunnit", nil], ["object", "---\nlast_sign_in_at: 2026-04-13 11:39:27.776592000 Z\ncurrent_sign_in_at: 2026-04-13 11:40:35.472330000 Z\nlast_sign_in_ip: \"::1\"\ncurrent_sign_in_ip: \"::1\"\nsign_in_count: 6\nid: 1\nusername: admin\nemail: admin@example.com\nfirst_name:\nlast_name:\ntitle:\ncompany:\nalt_email:\nphone:\nmobile:\ngoogle:\nencrypted_password: 5ac7e2049cbb991f1c9f3cf876402b8d3028751ed5037021fafc1ca9ecadf2d16e287335650d809701bc716ebcd0f0db683151bcb14be775dc1959ddc70343da\npassword_salt: 1QnD2cEw2W1da6H9CzWq\ndeleted_at:\ncreated_at: 2026-04-13 11:30:01.303298000 Z\nupdated_at: 2026-04-13 11:40:35.472832000 Z\nadmin: true\nsuspended_at:\nunconfirmed_email:\nreset_password_token:\nreset_password_sent_at:\nremember_token:\nremember_created_at:\nauthentication_token:\nconfirmation_token:\nconfirmed_at: 2026-04-13 11:30:01.268887000 Z\nconfirmation_sent_at:\nsubscribe_to_comment_replies: true\nreceive_assigned_notifications: true\nzoom:\nteams:\nsignal:\ninstagram:\nfacebook:\nmastodon:\nbluesky:\ntwitter:\nlinkedin:\nblog:\n"], ["created_at", "2026-04-13 11:41:56.473667"], ["object_changes", "---\ncurrent_sign_in_at:\n- 2026-04-13 11:40:35.472330000 Z\n- 2026-04-13 11:41:56.473151722 Z\nsign_in_count:\n- 6\n- 7\nupdated_at:\n- 2026-04-13 11:40:35.472832000 Z\n- 2026-04-13 11:41:56.473667819 Z\n"], ["related_id", nil], ["related_type", nil], ["transaction_id", nil]]
  ↳ app/controllers/application_controller.rb:233:in `current_user'
  [1m[36mTRANSACTION (0.2ms)[0m  [1m[36mCOMMIT TRANSACTION[0m
  ↳ app/controllers/application_controller.rb:233:in `current_user'
  [1m[36mPreference Load (0.2ms)[0m  [1m[34mSELECT "preferences".* FROM "preferences" WHERE "preferences"."name" = ? AND "preferences"."user_id" = ? LIMIT ?[0m  [["name", "locale"], ["user_id", 1], ["LIMIT", 1]]
  ↳ app/models/users/preference.rb:30:in `[]'
  [1m[36mSetting Load (0.1ms)[0m  [1m[34mSELECT "settings".* FROM "settings" WHERE "settings"."name" = ? LIMIT ?[0m  [["name", "locale"], ["LIMIT", 1]]
  ↳ app/models/setting.rb:44:in `method_missing'
Redirected to http://localhost:3000/
Completed 302 Found in 54ms (ActiveRecord: 5.4ms (5 queries, 0 cached) | GC: 3.6ms)


Started GET "/" for ::1 at 2026-04-13 11:41:56 +0000
Processing by HomeController#index as HTML
  [1m[36mUser Load (0.4ms)[0m  [1m[34mSELECT "users".* FROM "users" WHERE "users"."id" = ? ORDER BY "users"."id" ASC LIMIT ?[0m  [["id", 1], ["LIMIT", 1]]
  [1m[36mPreference Load (0.2ms)[0m  [1m[34mSELECT "preferences".* FROM "preferences" WHERE "preferences"."name" = ? AND "preferences"."user_id" = ? LIMIT ?[0m  [["name", "locale"], ["user_id", 1], ["LIMIT", 1]]
  ↳ app/models/users/preference.rb:30:in `[]'
  [1m[36mSetting Load (0.1ms)[0m  [1m[34mSELECT "settings".* FROM "settings" WHERE "settings"."name" = ? LIMIT ?[0m  [["name", "locale"], ["LIMIT", 1]]
  ↳ app/models/setting.rb:61:in `[]'
  [1m[36mPreference Load (0.1ms)[0m  [1m[34mSELECT "preferences".* FROM "preferences" WHERE "preferences"."name" = ? AND "preferences"."user_id" = ? LIMIT ?[0m  [["name", "activity_asset"], ["user_id", 1], ["LIMIT", 1]]
  ↳ app/models/users/preference.rb:30:in `[]'
  [1m[36mPreference Load (0.1ms)[0m  [1m[34mSELECT "preferences".* FROM "preferences" WHERE "preferences"."name" = ? AND "preferences"."user_id" = ? LIMIT ?[0m  [["name", "activity_event"], ["user_id", 1], ["LIMIT", 1]]
  ↳ app/models/users/preference.rb:30:in `[]'
  [1m[36mPreference Load (0.1ms)[0m  [1m[34mSELECT "preferences".* FROM "preferences" WHERE "preferences"."name" = ? AND "preferences"."user_id" = ? LIMIT ?[0m  [["name", "activity_user"], ["user_id", 1], ["LIMIT", 1]]
  ↳ app/models/users/preference.rb:30:in `[]'
  [1m[36mPreference Load (0.1ms)[0m  [1m[34mSELECT "preferences".* FROM "preferences" WHERE "preferences"."name" = ? AND "preferences"."user_id" = ? LIMIT ?[0m  [["name", "activity_duration"], ["user_id", 1], ["LIMIT", 1]]
  ↳ app/models/users/preference.rb:30:in `[]'
  [1m[36mVersion Load (0.2ms)[0m  [1m[34mSELECT "versions".* FROM "versions" WHERE (versions.created_at >= ?) ORDER BY created_at DESC LIMIT ?[0m  [[nil, "2026-04-11 11:41:56.532144"], ["LIMIT", 500]]
  ↳ app/models/polymorphic/version.rb:66:in `visible_to'
  [1m[36mUser Load (0.2ms)[0m  [1m[34mSELECT "users".* FROM "users" WHERE "users"."id" = ?[0m  [["id", nil]]
  ↳ app/models/polymorphic/version.rb:66:in `visible_to'
  [1m[36mUser Load (0.1ms)[0m  [1m[34mSELECT "users".* FROM "users" WHERE "users"."id" = ?[0m  [["id", 1]]
  ↳ app/models/polymorphic/version.rb:66:in `visible_to'
  Rendering layout layouts/application.html.haml
  Rendering home/index.html.haml within layouts/application
  Rendered shared/_inline_styles.html.haml (Duration: 2.0ms | GC: 0.0ms)
  [1m[36mTask Exists? (0.2ms)[0m  [1m[34mSELECT 1 AS one FROM "tasks" WHERE ((user_id = ? AND assigned_to IS NULL) OR assigned_to = ?) AND (completed_at IS NULL) LIMIT ?[0m  [[nil, 1], [nil, 1], ["LIMIT", 1]]
  ↳ app/views/home/index.html.haml:7
  [1m[36mOpportunity Exists? (0.2ms)[0m  [1m[34mSELECT 1 AS one FROM "opportunities" WHERE ((user_id = ? AND assigned_to IS NULL) OR assigned_to = ?) AND (opportunities.stage != 'won') AND (opportunities.stage != 'lost') LIMIT ?[0m  [[nil, 1], [nil, 1], ["LIMIT", 1]]
  ↳ app/views/home/index.html.haml:16
  [1m[36mAccount Exists? (0.1ms)[0m  [1m[34mSELECT 1 AS one FROM "accounts" WHERE ((user_id = ? AND assigned_to IS NULL) OR assigned_to = ?) LIMIT ?[0m  [[nil, 1], [nil, 1], ["LIMIT", 1]]
  ↳ app/views/home/index.html.haml:25
  Rendered collection of home/_activity.html.haml [8 times] (Duration: 6.9ms | GC: 0.0ms)
  Rendered shared/_export.html.haml (Duration: 2.7ms | GC: 0.0ms)
  Rendered home/index.html.haml within layouts/application (Duration: 33.7ms | GC: 2.7ms)
  Rendered layouts/_jumpbox.html.haml (Duration: 6.3ms | GC: 0.9ms)
  Rendered layouts/_header.html.haml (Duration: 15.9ms | GC: 2.9ms)
  [1m[36mList Exists? (0.2ms)[0m  [1m[34mSELECT 1 AS one FROM "lists" WHERE "lists"."user_id" IS NULL LIMIT ?[0m  [["LIMIT", 1]]
  ↳ app/views/lists/_sidebar.html.haml:7
  Rendered lists/_sidebar.html.haml (Duration: 15.9ms | GC: 1.0ms)
  [1m[36mList Exists? (0.2ms)[0m  [1m[34mSELECT 1 AS one FROM "lists" WHERE "lists"."user_id" = ? LIMIT ?[0m  [["user_id", 1], ["LIMIT", 1]]
  ↳ app/views/lists/_sidebar.html.haml:7
  Rendered lists/_sidebar.html.haml (Duration: 14.2ms | GC: 1.9ms)
  Rendered lists/_lists.html.haml (Duration: 36.9ms | GC: 3.3ms)
  [1m[36mVersion Exists? (0.2ms)[0m  [1m[34mSELECT 1 AS one FROM "versions" WHERE "versions"."whodunnit" = ? AND "versions"."item_type" IN (?, ?, ?, ?, ?) LIMIT ? OFFSET ?[0m  [["whodunnit", "1"], ["item_type", "Account"], ["item_type", "Campaign"], ["item_type", "Contact"], ["item_type", "Lead"], ["item_type", "Opportunity"], ["LIMIT", 1], ["OFFSET", 0]]
  ↳ app/models/polymorphic/version.rb:37:in `recent_for_user'
  Rendered shared/_recently.html.haml (Duration: 6.0ms | GC: 0.5ms)
  Rendered layouts/_sidebar.html.haml (Duration: 47.8ms | GC: 3.9ms)
  Rendered layouts/_tabbed.html.haml (Duration: 57.3ms | GC: 4.7ms)
  Rendered layouts/_about.html.haml (Duration: 8.4ms | GC: 0.9ms)
  Rendered layouts/_footer.html.haml (Duration: 13.3ms | GC: 1.1ms)
  [1m[36mSetting Load (0.2ms)[0m  [1m[34mSELECT "settings".* FROM "settings" WHERE "settings"."name" = ? LIMIT ?[0m  [["name", "base_url"], ["LIMIT", 1]]
  ↳ app/models/setting.rb:61:in `[]'
  Rendered layout layouts/application.html.haml (Duration: 203.8ms | GC: 28.0ms)
Completed 200 OK in 242ms (Views: 206.8ms | ActiveRecord: 3.9ms (17 queries, 0 cached) | GC: 30.0ms)


Started GET "/profile" for ::1 at 2026-04-13 11:41:57 +0000
Processing by UsersController#show as HTML
  [1m[36mUser Load (1.0ms)[0m  [1m[34mSELECT "users".* FROM "users" WHERE "users"."id" = ? ORDER BY "users"."id" ASC LIMIT ?[0m  [["id", 1], ["LIMIT", 1]]
  [1m[36mPreference Load (0.2ms)[0m  [1m[34mSELECT "preferences".* FROM "preferences" WHERE "preferences"."name" = ? AND "preferences"."user_id" = ? LIMIT ?[0m  [["name", "locale"], ["user_id", 1], ["LIMIT", 1]]
  ↳ app/models/users/preference.rb:30:in `[]'
  [1m[36mSetting Load (0.1ms)[0m  [1m[34mSELECT "settings".* FROM "settings" WHERE "settings"."name" = ? LIMIT ?[0m  [["name", "locale"], ["LIMIT", 1]]
  ↳ app/models/setting.rb:61:in `[]'
  [1m[36mSetting Load (0.1ms)[0m  [1m[34mSELECT "settings".* FROM "settings" WHERE "settings"."name" = ? LIMIT ?[0m  [["name", "user_signup"], ["LIMIT", 1]]
  ↳ app/models/setting.rb:61:in `[]'
  [1m[36mFieldGroup Load (0.1ms)[0m  [1m[34mSELECT "field_groups".* FROM "field_groups" WHERE "field_groups"."klass_name" = ? ORDER BY "field_groups"."position" ASC[0m  [["klass_name", "Campaign"]]
  ↳ lib/fat_free_crm/fields.rb:37:in `map'
  Rendering layout layouts/application.html.haml
  Rendering users/show.html.haml within layouts/application
  [1m[36mSetting Load (0.2ms)[0m  [1m[34mSELECT "settings".* FROM "settings" WHERE "settings"."name" = ? LIMIT ?[0m  [["name", "per_user_locale"], ["LIMIT", 1]]
  ↳ app/models/setting.rb:61:in `[]'
  [1m[36mAvatar Load (0.2ms)[0m  [1m[34mSELECT "avatars".* FROM "avatars" WHERE "avatars"."entity_id" = ? AND "avatars"."entity_type" = ? LIMIT ?[0m  [["entity_id", 1], ["entity_type", "User"], ["LIMIT", 1]]
  ↳ app/helpers/application_helper.rb:368:in `avatar_for'
  Rendered users/_user.html.haml (Duration: 25.8ms | GC: 1.6ms)
  Rendered users/show.html.haml within layouts/application (Duration: 35.7ms | GC: 2.8ms)
  Rendered layouts/_jumpbox.html.haml (Duration: 5.5ms | GC: 0.1ms)
  Rendered layouts/_header.html.haml (Duration: 7.1ms | GC: 0.1ms)
  [1m[36mList Exists? (0.2ms)[0m  [1m[34mSELECT 1 AS one FROM "lists" WHERE "lists"."user_id" IS NULL LIMIT ?[0m  [["LIMIT", 1]]
  ↳ app/views/lists/_sidebar.html.haml:7
  Rendered lists/_sidebar.html.haml (Duration: 15.0ms | GC: 0.3ms)
  [1m[36mList Exists? (0.2ms)[0m  [1m[34mSELECT 1 AS one FROM "lists" WHERE "lists"."user_id" = ? LIMIT ?[0m  [["user_id", 1], ["LIMIT", 1]]
  ↳ app/views/lists/_sidebar.html.haml:7
  Rendered lists/_sidebar.html.haml (Duration: 12.6ms | GC: 0.7ms)
  Rendered lists/_lists.html.haml (Duration: 33.9ms | GC: 1.1ms)
  [1m[36mVersion Exists? (0.2ms)[0m  [1m[34mSELECT 1 AS one FROM "versions" WHERE "versions"."whodunnit" = ? AND "versions"."item_type" IN (?, ?, ?, ?, ?) LIMIT ? OFFSET ?[0m  [["whodunnit", "1"], ["item_type", "Account"], ["item_type", "Campaign"], ["item_type", "Contact"], ["item_type", "Lead"], ["item_type", "Opportunity"], ["LIMIT", 1], ["OFFSET", 0]]
  ↳ app/models/polymorphic/version.rb:37:in `recent_for_user'
  Rendered shared/_recently.html.haml (Duration: 6.5ms | GC: 0.0ms)
  Rendered layouts/_sidebar.html.haml (Duration: 44.5ms | GC: 1.1ms)
  Rendered layouts/_tabbed.html.haml (Duration: 55.1ms | GC: 1.4ms)
  Rendered layouts/_about.html.haml (Duration: 0.4ms | GC: 0.0ms)
  Rendered layouts/_footer.html.haml (Duration: 0.8ms | GC: 0.0ms)
  [1m[36mSetting Load (0.1ms)[0m  [1m[34mSELECT "settings".* FROM "settings" WHERE "settings"."name" = ? LIMIT ?[0m  [["name", "base_url"], ["LIMIT", 1]]
  ↳ app/models/setting.rb:61:in `[]'
  Rendered layout layouts/application.html.haml (Duration: 154.0ms | GC: 7.0ms)
Completed 200 OK in 200ms (Views: 154.6ms | ActiveRecord: 4.8ms (11 queries, 0 cached) | GC: 10.8ms)


Started GET "/oauth/applications" for ::1 at 2026-04-13 11:41:59 +0000
Processing by OauthApplicationsController#index as HTML
  [1m[36mUser Load (0.2ms)[0m  [1m[34mSELECT "users".* FROM "users" WHERE "users"."id" = ? ORDER BY "users"."id" ASC LIMIT ?[0m  [["id", 1], ["LIMIT", 1]]
  Rendering layout layouts/application.html.haml
  Rendering oauth_applications/index.html.haml within layouts/application
  [1m[36mDoorkeeper::Application Exists? (0.2ms)[0m  [1m[34mSELECT 1 AS one FROM "oauth_applications" WHERE "oauth_applications"."owner_id" = ? AND "oauth_applications"."owner_type" = ? LIMIT ?[0m  [["owner_id", 1], ["owner_type", "User"], ["LIMIT", 1]]
  ↳ app/views/oauth_applications/index.html.haml:7
  [1m[36mDoorkeeper::Application Load (0.2ms)[0m  [1m[34mSELECT "oauth_applications".* FROM "oauth_applications" WHERE "oauth_applications"."owner_id" = ? AND "oauth_applications"."owner_type" = ?[0m  [["owner_id", 1], ["owner_type", "User"]]
  ↳ app/views/oauth_applications/index.html.haml:16
  Rendered oauth_applications/index.html.haml within layouts/application (Duration: 15.3ms | GC: 2.7ms)
  Rendered layouts/_jumpbox.html.haml (Duration: 0.4ms | GC: 0.0ms)
  Rendered layouts/_header.html.haml (Duration: 1.2ms | GC: 0.0ms)
  [1m[36mList Exists? (0.2ms)[0m  [1m[34mSELECT 1 AS one FROM "lists" WHERE "lists"."user_id" IS NULL LIMIT ?[0m  [["LIMIT", 1]]
  ↳ app/views/lists/_sidebar.html.haml:7
  Rendered lists/_sidebar.html.haml (Duration: 3.8ms | GC: 0.3ms)
  [1m[36mList Exists? (0.2ms)[0m  [1m[34mSELECT 1 AS one FROM "lists" WHERE "lists"."user_id" = ? LIMIT ?[0m  [["user_id", 1], ["LIMIT", 1]]
  ↳ app/views/lists/_sidebar.html.haml:7
  Rendered lists/_sidebar.html.haml (Duration: 3.4ms | GC: 0.0ms)
  Rendered lists/_lists.html.haml (Duration: 7.8ms | GC: 0.3ms)
  [1m[36mVersion Exists? (0.2ms)[0m  [1m[34mSELECT 1 AS one FROM "versions" WHERE "versions"."whodunnit" = ? AND "versions"."item_type" IN (?, ?, ?, ?, ?) LIMIT ? OFFSET ?[0m  [["whodunnit", "1"], ["item_type", "Account"], ["item_type", "Campaign"], ["item_type", "Contact"], ["item_type", "Lead"], ["item_type", "Opportunity"], ["LIMIT", 1], ["OFFSET", 0]]
  ↳ app/models/polymorphic/version.rb:37:in `recent_for_user'
  Rendered shared/_recently.html.haml (Duration: 1.7ms | GC: 0.0ms)
  Rendered layouts/_sidebar.html.haml (Duration: 10.5ms | GC: 0.3ms)
  Rendered layouts/_tabbed.html.haml (Duration: 12.1ms | GC: 0.5ms)
  Rendered layouts/_about.html.haml (Duration: 0.4ms | GC: 0.0ms)
  Rendered layouts/_footer.html.haml (Duration: 0.7ms | GC: 0.0ms)
  Rendered layout layouts/application.html.haml (Duration: 85.6ms | GC: 8.1ms)
Completed 200 OK in 102ms (Views: 86.3ms | ActiveRecord: 1.1ms (6 queries, 0 cached) | GC: 17.9ms)


Started GET "/oauth/applications/new" for ::1 at 2026-04-13 11:42:00 +0000
Processing by OauthApplicationsController#new as HTML
  [1m[36mUser Load (0.3ms)[0m  [1m[34mSELECT "users".* FROM "users" WHERE "users"."id" = ? ORDER BY "users"."id" ASC LIMIT ?[0m  [["id", 1], ["LIMIT", 1]]
  Rendering layout layouts/application.html.haml
  Rendering oauth_applications/new.html.haml within layouts/application
  Rendered oauth_applications/_form.html.haml (Duration: 10.4ms | GC: 1.0ms)
  Rendered oauth_applications/new.html.haml within layouts/application (Duration: 14.6ms | GC: 1.1ms)
  Rendered layouts/_jumpbox.html.haml (Duration: 0.4ms | GC: 0.0ms)
  Rendered layouts/_header.html.haml (Duration: 1.7ms | GC: 0.5ms)
  [1m[36mList Exists? (0.2ms)[0m  [1m[34mSELECT 1 AS one FROM "lists" WHERE "lists"."user_id" IS NULL LIMIT ?[0m  [["LIMIT", 1]]
  ↳ app/views/lists/_sidebar.html.haml:7
  Rendered lists/_sidebar.html.haml (Duration: 3.4ms | GC: 0.2ms)
  [1m[36mList Exists? (0.1ms)[0m  [1m[34mSELECT 1 AS one FROM "lists" WHERE "lists"."user_id" = ? LIMIT ?[0m  [["user_id", 1], ["LIMIT", 1]]
  ↳ app/views/lists/_sidebar.html.haml:7
  Rendered lists/_sidebar.html.haml (Duration: 2.5ms | GC: 0.0ms)
  Rendered lists/_lists.html.haml (Duration: 6.6ms | GC: 0.2ms)
  [1m[36mVersion Exists? (0.6ms)[0m  [1m[34mSELECT 1 AS one FROM "versions" WHERE "versions"."whodunnit" = ? AND "versions"."item_type" IN (?, ?, ?, ?, ?) LIMIT ? OFFSET ?[0m  [["whodunnit", "1"], ["item_type", "Account"], ["item_type", "Campaign"], ["item_type", "Contact"], ["item_type", "Lead"], ["item_type", "Opportunity"], ["LIMIT", 1], ["OFFSET", 0]]
  ↳ app/models/polymorphic/version.rb:37:in `recent_for_user'
  Rendered shared/_recently.html.haml (Duration: 2.4ms | GC: 0.3ms)
  Rendered layouts/_sidebar.html.haml (Duration: 9.9ms | GC: 0.5ms)
  Rendered layouts/_tabbed.html.haml (Duration: 11.5ms | GC: 0.5ms)
  Rendered layouts/_about.html.haml (Duration: 0.9ms | GC: 0.0ms)
  Rendered layouts/_footer.html.haml (Duration: 1.2ms | GC: 0.0ms)
  Rendered layout layouts/application.html.haml (Duration: 96.8ms | GC: 16.1ms)
Completed 200 OK in 102ms (Views: 96.4ms | ActiveRecord: 1.1ms (4 queries, 0 cached) | GC: 16.3ms)


Started GET "/users/sign_in" for ::1 at 2026-04-13 11:43:54 +0000
Processing by SessionsController#new as HTML
  [1m[36mSetting Load (0.2ms)[0m  [1m[34mSELECT "settings".* FROM "settings" WHERE "settings"."name" = ? LIMIT ?[0m  [["name", "locale"], ["LIMIT", 1]]
  ↳ app/models/setting.rb:61:in `[]'
  Rendering layout layouts/application.html.haml
  Rendering devise/sessions/new.html.haml within layouts/application
  [1m[36mSetting Load (0.1ms)[0m  [1m[34mSELECT "settings".* FROM "settings" WHERE "settings"."name" = ? LIMIT ?[0m  [["name", "user_signup"], ["LIMIT", 1]]
  ↳ app/models/setting.rb:61:in `[]'
  Rendered devise/sessions/new.html.haml within layouts/application (Duration: 4.4ms | GC: 0.0ms)
  Rendered layouts/_header.html.haml (Duration: 1.5ms | GC: 0.7ms)
  Rendered layouts/_about.html.haml (Duration: 0.5ms | GC: 0.0ms)
  Rendered layouts/_footer.html.haml (Duration: 0.8ms | GC: 0.0ms)
  Rendered layouts/_tabless.html.haml (Duration: 1.7ms | GC: 0.0ms)
  [1m[36mSetting Load (0.2ms)[0m  [1m[34mSELECT "settings".* FROM "settings" WHERE "settings"."name" = ? LIMIT ?[0m  [["name", "base_url"], ["LIMIT", 1]]
  ↳ app/models/setting.rb:61:in `[]'
  Rendered layout layouts/application.html.haml (Duration: 76.8ms | GC: 14.6ms)
Completed 200 OK in 81ms (Views: 77.7ms | ActiveRecord: 0.5ms (3 queries, 0 cached) | GC: 14.9ms)


Started GET "/home/timezone?offset=0" for ::1 at 2026-04-13 11:43:54 +0000
Processing by HomeController#timezone as */*
  Parameters: {"offset"=>"0"}
  [1m[36mSetting Load (0.2ms)[0m  [1m[34mSELECT "settings".* FROM "settings" WHERE "settings"."name" = ? LIMIT ?[0m  [["name", "locale"], ["LIMIT", 1]]
  ↳ app/models/setting.rb:61:in `[]'
Completed 200 OK in 4ms (ActiveRecord: 0.1ms (1 query, 0 cached) | GC: 0.7ms)


Started POST "/users/sign_in" for ::1 at 2026-04-13 11:43:55 +0000
Processing by SessionsController#create as HTML
  Parameters: {"authenticity_token"=>"[FILTERED]", "user"=>{"email"=>"admin@example.com", "password"=>"[FILTERED]", "remember_me"=>"0"}, "commit"=>"Login"}
  [1m[36mUser Load (1.3ms)[0m  [1m[34mSELECT "users".* FROM "users" WHERE (lower(username) = ? OR lower(email) = ?) ORDER BY "users"."id" ASC LIMIT ?[0m  [[nil, "admin@example.com"], [nil, "admin@example.com"], ["LIMIT", 1]]
  ↳ app/models/users/user.rb:219:in `find_for_database_authentication'
  [1m[36mTRANSACTION (0.1ms)[0m  [1m[36mBEGIN immediate TRANSACTION[0m
  ↳ app/controllers/application_controller.rb:233:in `current_user'
  [1m[36mUser Update (2.1ms)[0m  [1m[33mUPDATE "users" SET "last_sign_in_at" = ?, "current_sign_in_at" = ?, "sign_in_count" = ?, "updated_at" = ? WHERE "users"."id" = ?[0m  [["last_sign_in_at", "2026-04-13 11:41:56.473151"], ["current_sign_in_at", "2026-04-13 11:43:55.596244"], ["sign_in_count", 8], ["updated_at", "2026-04-13 11:43:55.596717"], ["id", 1]]
  ↳ app/controllers/application_controller.rb:233:in `current_user'
  [1m[36mVersion Create (0.3ms)[0m  [1m[32mINSERT INTO "versions" ("item_type", "item_id", "event", "whodunnit", "object", "created_at", "object_changes", "related_id", "related_type", "transaction_id") VALUES (?, ?, ?, ?, ?, ?, ?, ?, ?, ?) RETURNING "id"[0m  [["item_type", "User"], ["item_id", 1], ["event", "update"], ["whodunnit", nil], ["object", "---\nlast_sign_in_at: 2026-04-13 11:40:35.472330000 Z\ncurrent_sign_in_at: 2026-04-13 11:41:56.473151000 Z\nlast_sign_in_ip: \"::1\"\ncurrent_sign_in_ip: \"::1\"\nsign_in_count: 7\nid: 1\nusername: admin\nemail: admin@example.com\nfirst_name:\nlast_name:\ntitle:\ncompany:\nalt_email:\nphone:\nmobile:\ngoogle:\nencrypted_password: 5ac7e2049cbb991f1c9f3cf876402b8d3028751ed5037021fafc1ca9ecadf2d16e287335650d809701bc716ebcd0f0db683151bcb14be775dc1959ddc70343da\npassword_salt: 1QnD2cEw2W1da6H9CzWq\ndeleted_at:\ncreated_at: 2026-04-13 11:30:01.303298000 Z\nupdated_at: 2026-04-13 11:41:56.473667000 Z\nadmin: true\nsuspended_at:\nunconfirmed_email:\nreset_password_token:\nreset_password_sent_at:\nremember_token:\nremember_created_at:\nauthentication_token:\nconfirmation_token:\nconfirmed_at: 2026-04-13 11:30:01.268887000 Z\nconfirmation_sent_at:\nsubscribe_to_comment_replies: true\nreceive_assigned_notifications: true\nzoom:\nteams:\nsignal:\ninstagram:\nfacebook:\nmastodon:\nbluesky:\ntwitter:\nlinkedin:\nblog:\n"], ["created_at", "2026-04-13 11:43:55.596717"], ["object_changes", "---\ncurrent_sign_in_at:\n- 2026-04-13 11:41:56.473151000 Z\n- 2026-04-13 11:43:55.596244963 Z\nsign_in_count:\n- 7\n- 8\nupdated_at:\n- 2026-04-13 11:41:56.473667000 Z\n- 2026-04-13 11:43:55.596717354 Z\n"], ["related_id", nil], ["related_type", nil], ["transaction_id", nil]]
  ↳ app/controllers/application_controller.rb:233:in `current_user'
  [1m[36mTRANSACTION (0.2ms)[0m  [1m[36mCOMMIT TRANSACTION[0m
  ↳ app/controllers/application_controller.rb:233:in `current_user'
  [1m[36mPreference Load (0.2ms)[0m  [1m[34mSELECT "preferences".* FROM "preferences" WHERE "preferences"."name" = ? AND "preferences"."user_id" = ? LIMIT ?[0m  [["name", "locale"], ["user_id", 1], ["LIMIT", 1]]
  ↳ app/models/users/preference.rb:30:in `[]'
  [1m[36mSetting Load (0.1ms)[0m  [1m[34mSELECT "settings".* FROM "settings" WHERE "settings"."name" = ? LIMIT ?[0m  [["name", "locale"], ["LIMIT", 1]]
  ↳ app/models/setting.rb:61:in `[]'
Redirected to http://localhost:3000/
Completed 302 Found in 28ms (ActiveRecord: 4.1ms (5 queries, 0 cached) | GC: 2.5ms)


Started GET "/" for ::1 at 2026-04-13 11:43:55 +0000
Processing by HomeController#index as HTML
  [1m[36mUser Load (0.5ms)[0m  [1m[34mSELECT "users".* FROM "users" WHERE "users"."id" = ? ORDER BY "users"."id" ASC LIMIT ?[0m  [["id", 1], ["LIMIT", 1]]
  [1m[36mPreference Load (0.2ms)[0m  [1m[34mSELECT "preferences".* FROM "preferences" WHERE "preferences"."name" = ? AND "preferences"."user_id" = ? LIMIT ?[0m  [["name", "locale"], ["user_id", 1], ["LIMIT", 1]]
  ↳ app/models/users/preference.rb:30:in `[]'
  [1m[36mSetting Load (0.1ms)[0m  [1m[34mSELECT "settings".* FROM "settings" WHERE "settings"."name" = ? LIMIT ?[0m  [["name", "locale"], ["LIMIT", 1]]
  ↳ app/models/setting.rb:61:in `[]'
  [1m[36mPreference Load (0.1ms)[0m  [1m[34mSELECT "preferences".* FROM "preferences" WHERE "preferences"."name" = ? AND "preferences"."user_id" = ? LIMIT ?[0m  [["name", "activity_asset"], ["user_id", 1], ["LIMIT", 1]]
  ↳ app/models/users/preference.rb:30:in `[]'
  [1m[36mPreference Load (0.1ms)[0m  [1m[34mSELECT "preferences".* FROM "preferences" WHERE "preferences"."name" = ? AND "preferences"."user_id" = ? LIMIT ?[0m  [["name", "activity_event"], ["user_id", 1], ["LIMIT", 1]]
  ↳ app/models/users/preference.rb:30:in `[]'
  [1m[36mPreference Load (0.1ms)[0m  [1m[34mSELECT "preferences".* FROM "preferences" WHERE "preferences"."name" = ? AND "preferences"."user_id" = ? LIMIT ?[0m  [["name", "activity_user"], ["user_id", 1], ["LIMIT", 1]]
  ↳ app/models/users/preference.rb:30:in `[]'
  [1m[36mPreference Load (0.1ms)[0m  [1m[34mSELECT "preferences".* FROM "preferences" WHERE "preferences"."name" = ? AND "preferences"."user_id" = ? LIMIT ?[0m  [["name", "activity_duration"], ["user_id", 1], ["LIMIT", 1]]
  ↳ app/models/users/preference.rb:30:in `[]'
  [1m[36mVersion Load (0.3ms)[0m  [1m[34mSELECT "versions".* FROM "versions" WHERE (versions.created_at >= ?) ORDER BY created_at DESC LIMIT ?[0m  [[nil, "2026-04-11 11:43:55.648847"], ["LIMIT", 500]]
  ↳ app/models/polymorphic/version.rb:66:in `visible_to'
  [1m[36mUser Load (0.5ms)[0m  [1m[34mSELECT "users".* FROM "users" WHERE "users"."id" = ?[0m  [["id", nil]]
  ↳ app/models/polymorphic/version.rb:66:in `visible_to'
  [1m[36mUser Load (0.1ms)[0m  [1m[34mSELECT "users".* FROM "users" WHERE "users"."id" = ?[0m  [["id", 1]]
  ↳ app/models/polymorphic/version.rb:66:in `visible_to'
  Rendering layout layouts/application.html.haml
  Rendering home/index.html.haml within layouts/application
  Rendered shared/_inline_styles.html.haml (Duration: 2.1ms | GC: 0.0ms)
  [1m[36mTask Exists? (0.8ms)[0m  [1m[34mSELECT 1 AS one FROM "tasks" WHERE ((user_id = ? AND assigned_to IS NULL) OR assigned_to = ?) AND (completed_at IS NULL) LIMIT ?[0m  [[nil, 1], [nil, 1], ["LIMIT", 1]]
  ↳ app/views/home/index.html.haml:7
  [1m[36mOpportunity Exists? (0.1ms)[0m  [1m[34mSELECT 1 AS one FROM "opportunities" WHERE ((user_id = ? AND assigned_to IS NULL) OR assigned_to = ?) AND (opportunities.stage != 'won') AND (opportunities.stage != 'lost') LIMIT ?[0m  [[nil, 1], [nil, 1], ["LIMIT", 1]]
  ↳ app/views/home/index.html.haml:16
  [1m[36mAccount Exists? (0.1ms)[0m  [1m[34mSELECT 1 AS one FROM "accounts" WHERE ((user_id = ? AND assigned_to IS NULL) OR assigned_to = ?) LIMIT ?[0m  [[nil, 1], [nil, 1], ["LIMIT", 1]]
  ↳ app/views/home/index.html.haml:25
  Rendered collection of home/_activity.html.haml [9 times] (Duration: 7.9ms | GC: 0.4ms)
  Rendered shared/_export.html.haml (Duration: 2.8ms | GC: 0.1ms)
  Rendered home/index.html.haml within layouts/application (Duration: 34.4ms | GC: 2.7ms)
  Rendered layouts/_jumpbox.html.haml (Duration: 0.4ms | GC: 0.0ms)
  Rendered layouts/_header.html.haml (Duration: 1.3ms | GC: 0.0ms)
  [1m[36mList Exists? (0.2ms)[0m  [1m[34mSELECT 1 AS one FROM "lists" WHERE "lists"."user_id" IS NULL LIMIT ?[0m  [["LIMIT", 1]]
  ↳ app/views/lists/_sidebar.html.haml:7
  Rendered lists/_sidebar.html.haml (Duration: 4.3ms | GC: 0.6ms)
  [1m[36mList Exists? (0.2ms)[0m  [1m[34mSELECT 1 AS one FROM "lists" WHERE "lists"."user_id" = ? LIMIT ?[0m  [["user_id", 1], ["LIMIT", 1]]
  ↳ app/views/lists/_sidebar.html.haml:7
  Rendered lists/_sidebar.html.haml (Duration: 2.5ms | GC: 0.0ms)
  Rendered lists/_lists.html.haml (Duration: 7.5ms | GC: 0.6ms)
  [1m[36mVersion Exists? (0.2ms)[0m  [1m[34mSELECT 1 AS one FROM "versions" WHERE "versions"."whodunnit" = ? AND "versions"."item_type" IN (?, ?, ?, ?, ?) LIMIT ? OFFSET ?[0m  [["whodunnit", "1"], ["item_type", "Account"], ["item_type", "Campaign"], ["item_type", "Contact"], ["item_type", "Lead"], ["item_type", "Opportunity"], ["LIMIT", 1], ["OFFSET", 0]]
  ↳ app/models/polymorphic/version.rb:37:in `recent_for_user'
  Rendered shared/_recently.html.haml (Duration: 2.5ms | GC: 0.8ms)
  Rendered layouts/_sidebar.html.haml (Duration: 11.0ms | GC: 1.4ms)
  Rendered layouts/_tabbed.html.haml (Duration: 13.7ms | GC: 2.5ms)
  Rendered layouts/_about.html.haml (Duration: 0.6ms | GC: 0.0ms)
  Rendered layouts/_footer.html.haml (Duration: 0.9ms | GC: 0.0ms)
  [1m[36mSetting Load (0.1ms)[0m  [1m[34mSELECT "settings".* FROM "settings" WHERE "settings"."name" = ? LIMIT ?[0m  [["name", "base_url"], ["LIMIT", 1]]
  ↳ app/models/setting.rb:61:in `[]'
  Rendered layout layouts/application.html.haml (Duration: 112.7ms | GC: 15.4ms)
Completed 200 OK in 140ms (Views: 113.1ms | ActiveRecord: 4.5ms (17 queries, 0 cached) | GC: 17.1ms)


Started GET "/profile" for ::1 at 2026-04-13 11:43:56 +0000
Processing by UsersController#show as HTML
  [1m[36mUser Load (0.3ms)[0m  [1m[34mSELECT "users".* FROM "users" WHERE "users"."id" = ? ORDER BY "users"."id" ASC LIMIT ?[0m  [["id", 1], ["LIMIT", 1]]
  [1m[36mPreference Load (0.2ms)[0m  [1m[34mSELECT "preferences".* FROM "preferences" WHERE "preferences"."name" = ? AND "preferences"."user_id" = ? LIMIT ?[0m  [["name", "locale"], ["user_id", 1], ["LIMIT", 1]]
  ↳ app/models/users/preference.rb:30:in `[]'
  [1m[36mSetting Load (0.1ms)[0m  [1m[34mSELECT "settings".* FROM "settings" WHERE "settings"."name" = ? LIMIT ?[0m  [["name", "locale"], ["LIMIT", 1]]
  ↳ app/models/setting.rb:61:in `[]'
  [1m[36mSetting Load (0.1ms)[0m  [1m[34mSELECT "settings".* FROM "settings" WHERE "settings"."name" = ? LIMIT ?[0m  [["name", "user_signup"], ["LIMIT", 1]]
  ↳ app/models/setting.rb:61:in `[]'
  Rendering layout layouts/application.html.haml
  Rendering users/show.html.haml within layouts/application
  [1m[36mSetting Load (0.1ms)[0m  [1m[34mSELECT "settings".* FROM "settings" WHERE "settings"."name" = ? LIMIT ?[0m  [["name", "per_user_locale"], ["LIMIT", 1]]
  ↳ app/models/setting.rb:61:in `[]'
  [1m[36mAvatar Load (0.1ms)[0m  [1m[34mSELECT "avatars".* FROM "avatars" WHERE "avatars"."entity_id" = ? AND "avatars"."entity_type" = ? LIMIT ?[0m  [["entity_id", 1], ["entity_type", "User"], ["LIMIT", 1]]
  ↳ app/helpers/application_helper.rb:368:in `avatar_for'
  Rendered users/_user.html.haml (Duration: 4.3ms | GC: 0.4ms)
  Rendered users/show.html.haml within layouts/application (Duration: 5.4ms | GC: 0.4ms)
  Rendered layouts/_jumpbox.html.haml (Duration: 0.4ms | GC: 0.0ms)
  Rendered layouts/_header.html.haml (Duration: 1.1ms | GC: 0.0ms)
  [1m[36mList Exists? (0.2ms)[0m  [1m[34mSELECT 1 AS one FROM "lists" WHERE "lists"."user_id" IS NULL LIMIT ?[0m  [["LIMIT", 1]]
  ↳ app/views/lists/_sidebar.html.haml:7
  Rendered lists/_sidebar.html.haml (Duration: 3.2ms | GC: 0.0ms)
  [1m[36mList Exists? (0.1ms)[0m  [1m[34mSELECT 1 AS one FROM "lists" WHERE "lists"."user_id" = ? LIMIT ?[0m  [["user_id", 1], ["LIMIT", 1]]
  ↳ app/views/lists/_sidebar.html.haml:7
  Rendered lists/_sidebar.html.haml (Duration: 2.8ms | GC: 0.3ms)
  Rendered lists/_lists.html.haml (Duration: 6.5ms | GC: 0.3ms)
  [1m[36mVersion Exists? (0.4ms)[0m  [1m[34mSELECT 1 AS one FROM "versions" WHERE "versions"."whodunnit" = ? AND "versions"."item_type" IN (?, ?, ?, ?, ?) LIMIT ? OFFSET ?[0m  [["whodunnit", "1"], ["item_type", "Account"], ["item_type", "Campaign"], ["item_type", "Contact"], ["item_type", "Lead"], ["item_type", "Opportunity"], ["LIMIT", 1], ["OFFSET", 0]]
  ↳ app/models/polymorphic/version.rb:37:in `recent_for_user'
  Rendered shared/_recently.html.haml (Duration: 1.9ms | GC: 0.0ms)
  Rendered layouts/_sidebar.html.haml (Duration: 8.8ms | GC: 0.3ms)
  Rendered layouts/_tabbed.html.haml (Duration: 10.5ms | GC: 0.3ms)
  Rendered layouts/_about.html.haml (Duration: 0.4ms | GC: 0.0ms)
  Rendered layouts/_footer.html.haml (Duration: 0.8ms | GC: 0.0ms)
  [1m[36mSetting Load (0.1ms)[0m  [1m[34mSELECT "settings".* FROM "settings" WHERE "settings"."name" = ? LIMIT ?[0m  [["name", "base_url"], ["LIMIT", 1]]
  ↳ app/models/setting.rb:61:in `[]'
  Rendered layout layouts/application.html.haml (Duration: 75.6ms | GC: 5.4ms)
Completed 200 OK in 87ms (Views: 75.1ms | ActiveRecord: 1.6ms (10 queries, 0 cached) | GC: 6.5ms)


Started GET "/oauth/applications" for ::1 at 2026-04-13 11:43:58 +0000
Processing by OauthApplicationsController#index as HTML
  [1m[36mUser Load (0.3ms)[0m  [1m[34mSELECT "users".* FROM "users" WHERE "users"."id" = ? ORDER BY "users"."id" ASC LIMIT ?[0m  [["id", 1], ["LIMIT", 1]]
  Rendering layout layouts/application.html.haml
  Rendering oauth_applications/index.html.haml within layouts/application
  [1m[36mDoorkeeper::Application Exists? (0.2ms)[0m  [1m[34mSELECT 1 AS one FROM "oauth_applications" WHERE "oauth_applications"."owner_id" = ? AND "oauth_applications"."owner_type" = ? LIMIT ?[0m  [["owner_id", 1], ["owner_type", "User"], ["LIMIT", 1]]
  ↳ app/views/oauth_applications/index.html.haml:7
  [1m[36mDoorkeeper::Application Load (0.1ms)[0m  [1m[34mSELECT "oauth_applications".* FROM "oauth_applications" WHERE "oauth_applications"."owner_id" = ? AND "oauth_applications"."owner_type" = ?[0m  [["owner_id", 1], ["owner_type", "User"]]
  ↳ app/views/oauth_applications/index.html.haml:16
  Rendered oauth_applications/index.html.haml within layouts/application (Duration: 4.6ms | GC: 0.0ms)
  Rendered layouts/_jumpbox.html.haml (Duration: 0.4ms | GC: 0.0ms)
  Rendered layouts/_header.html.haml (Duration: 1.2ms | GC: 0.0ms)
  [1m[36mList Exists? (0.2ms)[0m  [1m[34mSELECT 1 AS one FROM "lists" WHERE "lists"."user_id" IS NULL LIMIT ?[0m  [["LIMIT", 1]]
  ↳ app/views/lists/_sidebar.html.haml:7
  Rendered lists/_sidebar.html.haml (Duration: 3.1ms | GC: 0.0ms)
  [1m[36mList Exists? (0.2ms)[0m  [1m[34mSELECT 1 AS one FROM "lists" WHERE "lists"."user_id" = ? LIMIT ?[0m  [["user_id", 1], ["LIMIT", 1]]
  ↳ app/views/lists/_sidebar.html.haml:7
  Rendered lists/_sidebar.html.haml (Duration: 2.3ms | GC: 0.0ms)
  Rendered lists/_lists.html.haml (Duration: 6.0ms | GC: 0.0ms)
  [1m[36mVersion Exists? (0.2ms)[0m  [1m[34mSELECT 1 AS one FROM "versions" WHERE "versions"."whodunnit" = ? AND "versions"."item_type" IN (?, ?, ?, ?, ?) LIMIT ? OFFSET ?[0m  [["whodunnit", "1"], ["item_type", "Account"], ["item_type", "Campaign"], ["item_type", "Contact"], ["item_type", "Lead"], ["item_type", "Opportunity"], ["LIMIT", 1], ["OFFSET", 0]]
  ↳ app/models/polymorphic/version.rb:37:in `recent_for_user'
  Rendered shared/_recently.html.haml (Duration: 1.6ms | GC: 0.0ms)
  Rendered layouts/_sidebar.html.haml (Duration: 8.0ms | GC: 0.0ms)
  Rendered layouts/_tabbed.html.haml (Duration: 9.5ms | GC: 0.0ms)
  Rendered layouts/_about.html.haml (Duration: 0.3ms | GC: 0.0ms)
  Rendered layouts/_footer.html.haml (Duration: 0.7ms | GC: 0.0ms)
  Rendered layout layouts/application.html.haml (Duration: 69.0ms | GC: 1.6ms)
Completed 200 OK in 74ms (Views: 68.7ms | ActiveRecord: 1.0ms (6 queries, 0 cached) | GC: 1.8ms)


Started GET "/oauth/applications/new" for ::1 at 2026-04-13 11:43:59 +0000
Processing by OauthApplicationsController#new as HTML
  [1m[36mUser Load (0.3ms)[0m  [1m[34mSELECT "users".* FROM "users" WHERE "users"."id" = ? ORDER BY "users"."id" ASC LIMIT ?[0m  [["id", 1], ["LIMIT", 1]]
  Rendering layout layouts/application.html.haml
  Rendering oauth_applications/new.html.haml within layouts/application
  Rendered oauth_applications/_form.html.haml (Duration: 2.0ms | GC: 0.0ms)
  Rendered oauth_applications/new.html.haml within layouts/application (Duration: 2.7ms | GC: 0.0ms)
  Rendered layouts/_jumpbox.html.haml (Duration: 0.4ms | GC: 0.0ms)
  Rendered layouts/_header.html.haml (Duration: 1.2ms | GC: 0.0ms)
  [1m[36mList Exists? (0.2ms)[0m  [1m[34mSELECT 1 AS one FROM "lists" WHERE "lists"."user_id" IS NULL LIMIT ?[0m  [["LIMIT", 1]]
  ↳ app/views/lists/_sidebar.html.haml:7
  Rendered lists/_sidebar.html.haml (Duration: 3.3ms | GC: 0.0ms)
  [1m[36mList Exists? (0.1ms)[0m  [1m[34mSELECT 1 AS one FROM "lists" WHERE "lists"."user_id" = ? LIMIT ?[0m  [["user_id", 1], ["LIMIT", 1]]
  ↳ app/views/lists/_sidebar.html.haml:7
  Rendered lists/_sidebar.html.haml (Duration: 2.3ms | GC: 0.0ms)
  Rendered lists/_lists.html.haml (Duration: 6.1ms | GC: 0.0ms)
  [1m[36mVersion Exists? (0.2ms)[0m  [1m[34mSELECT 1 AS one FROM "versions" WHERE "versions"."whodunnit" = ? AND "versions"."item_type" IN (?, ?, ?, ?, ?) LIMIT ? OFFSET ?[0m  [["whodunnit", "1"], ["item_type", "Account"], ["item_type", "Campaign"], ["item_type", "Contact"], ["item_type", "Lead"], ["item_type", "Opportunity"], ["LIMIT", 1], ["OFFSET", 0]]
  ↳ app/models/polymorphic/version.rb:37:in `recent_for_user'
  Rendered shared/_recently.html.haml (Duration: 1.6ms | GC: 0.0ms)
  Rendered layouts/_sidebar.html.haml (Duration: 8.2ms | GC: 0.0ms)
  Rendered layouts/_tabbed.html.haml (Duration: 9.6ms | GC: 0.0ms)
  Rendered layouts/_about.html.haml (Duration: 0.4ms | GC: 0.0ms)
  Rendered layouts/_footer.html.haml (Duration: 0.8ms | GC: 0.0ms)
  Rendered layout layouts/application.html.haml (Duration: 71.9ms | GC: 0.0ms)
Completed 200 OK in 77ms (Views: 71.9ms | ActiveRecord: 0.7ms (4 queries, 0 cached) | GC: 0.0ms)


Started GET "/users/sign_in" for ::1 at 2026-04-13 11:46:15 +0000
Processing by SessionsController#new as HTML
  [1m[36mSetting Load (0.2ms)[0m  [1m[34mSELECT "settings".* FROM "settings" WHERE "settings"."name" = ? LIMIT ?[0m  [["name", "locale"], ["LIMIT", 1]]
  ↳ app/models/setting.rb:61:in `[]'
  Rendering layout layouts/application.html.haml
  Rendering devise/sessions/new.html.haml within layouts/application
  [1m[36mSetting Load (0.2ms)[0m  [1m[34mSELECT "settings".* FROM "settings" WHERE "settings"."name" = ? LIMIT ?[0m  [["name", "user_signup"], ["LIMIT", 1]]
  ↳ app/models/setting.rb:61:in `[]'
  Rendered devise/sessions/new.html.haml within layouts/application (Duration: 5.8ms | GC: 1.0ms)
  Rendered layouts/_header.html.haml (Duration: 0.5ms | GC: 0.0ms)
  Rendered layouts/_about.html.haml (Duration: 0.5ms | GC: 0.0ms)
  Rendered layouts/_footer.html.haml (Duration: 0.8ms | GC: 0.0ms)
  Rendered layouts/_tabless.html.haml (Duration: 1.4ms | GC: 0.3ms)
  [1m[36mSetting Load (0.2ms)[0m  [1m[34mSELECT "settings".* FROM "settings" WHERE "settings"."name" = ? LIMIT ?[0m  [["name", "base_url"], ["LIMIT", 1]]
  ↳ app/models/setting.rb:61:in `[]'
  Rendered layout layouts/application.html.haml (Duration: 74.9ms | GC: 13.1ms)
Completed 200 OK in 80ms (Views: 75.4ms | ActiveRecord: 0.5ms (3 queries, 0 cached) | GC: 14.2ms)


Started GET "/home/timezone?offset=0" for ::1 at 2026-04-13 11:46:16 +0000
Processing by HomeController#timezone as */*
  Parameters: {"offset"=>"0"}
  [1m[36mSetting Load (0.2ms)[0m  [1m[34mSELECT "settings".* FROM "settings" WHERE "settings"."name" = ? LIMIT ?[0m  [["name", "locale"], ["LIMIT", 1]]
  ↳ app/models/setting.rb:61:in `[]'
Completed 200 OK in 3ms (ActiveRecord: 0.2ms (1 query, 0 cached) | GC: 0.3ms)


Started POST "/users/sign_in" for ::1 at 2026-04-13 11:46:16 +0000
Processing by SessionsController#create as HTML
  Parameters: {"authenticity_token"=>"[FILTERED]", "user"=>{"email"=>"admin@example.com", "password"=>"[FILTERED]", "remember_me"=>"0"}, "commit"=>"Login"}
  [1m[36mUser Load (0.4ms)[0m  [1m[34mSELECT "users".* FROM "users" WHERE (lower(username) = ? OR lower(email) = ?) ORDER BY "users"."id" ASC LIMIT ?[0m  [[nil, "admin@example.com"], [nil, "admin@example.com"], ["LIMIT", 1]]
  ↳ app/models/users/user.rb:219:in `find_for_database_authentication'
  [1m[36mTRANSACTION (0.1ms)[0m  [1m[36mBEGIN immediate TRANSACTION[0m
  ↳ app/controllers/application_controller.rb:233:in `current_user'
  [1m[36mUser Update (1.3ms)[0m  [1m[33mUPDATE "users" SET "last_sign_in_at" = ?, "current_sign_in_at" = ?, "sign_in_count" = ?, "updated_at" = ? WHERE "users"."id" = ?[0m  [["last_sign_in_at", "2026-04-13 11:43:55.596244"], ["current_sign_in_at", "2026-04-13 11:46:16.890438"], ["sign_in_count", 9], ["updated_at", "2026-04-13 11:46:16.890905"], ["id", 1]]
  ↳ app/controllers/application_controller.rb:233:in `current_user'
  [1m[36mVersion Create (0.2ms)[0m  [1m[32mINSERT INTO "versions" ("item_type", "item_id", "event", "whodunnit", "object", "created_at", "object_changes", "related_id", "related_type", "transaction_id") VALUES (?, ?, ?, ?, ?, ?, ?, ?, ?, ?) RETURNING "id"[0m  [["item_type", "User"], ["item_id", 1], ["event", "update"], ["whodunnit", nil], ["object", "---\nlast_sign_in_at: 2026-04-13 11:41:56.473151000 Z\ncurrent_sign_in_at: 2026-04-13 11:43:55.596244000 Z\nlast_sign_in_ip: \"::1\"\ncurrent_sign_in_ip: \"::1\"\nsign_in_count: 8\nid: 1\nusername: admin\nemail: admin@example.com\nfirst_name:\nlast_name:\ntitle:\ncompany:\nalt_email:\nphone:\nmobile:\ngoogle:\nencrypted_password: 5ac7e2049cbb991f1c9f3cf876402b8d3028751ed5037021fafc1ca9ecadf2d16e287335650d809701bc716ebcd0f0db683151bcb14be775dc1959ddc70343da\npassword_salt: 1QnD2cEw2W1da6H9CzWq\ndeleted_at:\ncreated_at: 2026-04-13 11:30:01.303298000 Z\nupdated_at: 2026-04-13 11:43:55.596717000 Z\nadmin: true\nsuspended_at:\nunconfirmed_email:\nreset_password_token:\nreset_password_sent_at:\nremember_token:\nremember_created_at:\nauthentication_token:\nconfirmation_token:\nconfirmed_at: 2026-04-13 11:30:01.268887000 Z\nconfirmation_sent_at:\nsubscribe_to_comment_replies: true\nreceive_assigned_notifications: true\nzoom:\nteams:\nsignal:\ninstagram:\nfacebook:\nmastodon:\nbluesky:\ntwitter:\nlinkedin:\nblog:\n"], ["created_at", "2026-04-13 11:46:16.890905"], ["object_changes", "---\ncurrent_sign_in_at:\n- 2026-04-13 11:43:55.596244000 Z\n- 2026-04-13 11:46:16.890438259 Z\nsign_in_count:\n- 8\n- 9\nupdated_at:\n- 2026-04-13 11:43:55.596717000 Z\n- 2026-04-13 11:46:16.890905499 Z\n"], ["related_id", nil], ["related_type", nil], ["transaction_id", nil]]
  ↳ app/controllers/application_controller.rb:233:in `current_user'
  [1m[36mTRANSACTION (0.3ms)[0m  [1m[36mCOMMIT TRANSACTION[0m
  ↳ app/controllers/application_controller.rb:233:in `current_user'
  [1m[36mPreference Load (0.3ms)[0m  [1m[34mSELECT "preferences".* FROM "preferences" WHERE "preferences"."name" = ? AND "preferences"."user_id" = ? LIMIT ?[0m  [["name", "locale"], ["user_id", 1], ["LIMIT", 1]]
  ↳ app/models/users/preference.rb:30:in `[]'
  [1m[36mSetting Load (0.1ms)[0m  [1m[34mSELECT "settings".* FROM "settings" WHERE "settings"."name" = ? LIMIT ?[0m  [["name", "locale"], ["LIMIT", 1]]
  ↳ app/models/setting.rb:61:in `[]'
Redirected to http://localhost:3000/
Completed 302 Found in 19ms (ActiveRecord: 2.6ms (5 queries, 0 cached) | GC: 0.5ms)


Started GET "/" for ::1 at 2026-04-13 11:46:16 +0000
Processing by HomeController#index as HTML
  [1m[36mUser Load (0.3ms)[0m  [1m[34mSELECT "users".* FROM "users" WHERE "users"."id" = ? ORDER BY "users"."id" ASC LIMIT ?[0m  [["id", 1], ["LIMIT", 1]]
  [1m[36mPreference Load (0.2ms)[0m  [1m[34mSELECT "preferences".* FROM "preferences" WHERE "preferences"."name" = ? AND "preferences"."user_id" = ? LIMIT ?[0m  [["name", "locale"], ["user_id", 1], ["LIMIT", 1]]
  ↳ app/models/users/preference.rb:30:in `[]'
  [1m[36mSetting Load (0.2ms)[0m  [1m[34mSELECT "settings".* FROM "settings" WHERE "settings"."name" = ? LIMIT ?[0m  [["name", "locale"], ["LIMIT", 1]]
  ↳ app/models/setting.rb:61:in `[]'
  [1m[36mPreference Load (0.1ms)[0m  [1m[34mSELECT "preferences".* FROM "preferences" WHERE "preferences"."name" = ? AND "preferences"."user_id" = ? LIMIT ?[0m  [["name", "activity_asset"], ["user_id", 1], ["LIMIT", 1]]
  ↳ app/models/users/preference.rb:30:in `[]'
  [1m[36mPreference Load (0.1ms)[0m  [1m[34mSELECT "preferences".* FROM "preferences" WHERE "preferences"."name" = ? AND "preferences"."user_id" = ? LIMIT ?[0m  [["name", "activity_event"], ["user_id", 1], ["LIMIT", 1]]
  ↳ app/models/users/preference.rb:30:in `[]'
  [1m[36mPreference Load (0.1ms)[0m  [1m[34mSELECT "preferences".* FROM "preferences" WHERE "preferences"."name" = ? AND "preferences"."user_id" = ? LIMIT ?[0m  [["name", "activity_user"], ["user_id", 1], ["LIMIT", 1]]
  ↳ app/models/users/preference.rb:30:in `[]'
  [1m[36mPreference Load (0.1ms)[0m  [1m[34mSELECT "preferences".* FROM "preferences" WHERE "preferences"."name" = ? AND "preferences"."user_id" = ? LIMIT ?[0m  [["name", "activity_duration"], ["user_id", 1], ["LIMIT", 1]]
  ↳ app/models/users/preference.rb:30:in `[]'
  [1m[36mVersion Load (0.2ms)[0m  [1m[34mSELECT "versions".* FROM "versions" WHERE (versions.created_at >= ?) ORDER BY created_at DESC LIMIT ?[0m  [[nil, "2026-04-11 11:46:16.933806"], ["LIMIT", 500]]
  ↳ app/models/polymorphic/version.rb:66:in `visible_to'
  [1m[36mUser Load (0.1ms)[0m  [1m[34mSELECT "users".* FROM "users" WHERE "users"."id" = ?[0m  [["id", nil]]
  ↳ app/models/polymorphic/version.rb:66:in `visible_to'
  [1m[36mUser Load (0.7ms)[0m  [1m[34mSELECT "users".* FROM "users" WHERE "users"."id" = ?[0m  [["id", 1]]
  ↳ app/models/polymorphic/version.rb:66:in `visible_to'
  Rendering layout layouts/application.html.haml
  Rendering home/index.html.haml within layouts/application
  Rendered shared/_inline_styles.html.haml (Duration: 0.1ms | GC: 0.0ms)
  [1m[36mTask Exists? (0.2ms)[0m  [1m[34mSELECT 1 AS one FROM "tasks" WHERE ((user_id = ? AND assigned_to IS NULL) OR assigned_to = ?) AND (completed_at IS NULL) LIMIT ?[0m  [[nil, 1], [nil, 1], ["LIMIT", 1]]
  ↳ app/views/home/index.html.haml:7
  [1m[36mOpportunity Exists? (0.1ms)[0m  [1m[34mSELECT 1 AS one FROM "opportunities" WHERE ((user_id = ? AND assigned_to IS NULL) OR assigned_to = ?) AND (opportunities.stage != 'won') AND (opportunities.stage != 'lost') LIMIT ?[0m  [[nil, 1], [nil, 1], ["LIMIT", 1]]
  ↳ app/views/home/index.html.haml:16
  [1m[36mAccount Exists? (0.1ms)[0m  [1m[34mSELECT 1 AS one FROM "accounts" WHERE ((user_id = ? AND assigned_to IS NULL) OR assigned_to = ?) LIMIT ?[0m  [[nil, 1], [nil, 1], ["LIMIT", 1]]
  ↳ app/views/home/index.html.haml:25
  Rendered collection of home/_activity.html.haml [10 times] (Duration: 1.4ms | GC: 0.0ms)
  Rendered shared/_export.html.haml (Duration: 0.7ms | GC: 0.0ms)
  Rendered home/index.html.haml within layouts/application (Duration: 8.6ms | GC: 0.5ms)
  Rendered layouts/_jumpbox.html.haml (Duration: 0.5ms | GC: 0.0ms)
  Rendered layouts/_header.html.haml (Duration: 1.2ms | GC: 0.0ms)
  [1m[36mList Exists? (0.2ms)[0m  [1m[34mSELECT 1 AS one FROM "lists" WHERE "lists"."user_id" IS NULL LIMIT ?[0m  [["LIMIT", 1]]
  ↳ app/views/lists/_sidebar.html.haml:7
  Rendered lists/_sidebar.html.haml (Duration: 2.9ms | GC: 0.0ms)
  [1m[36mList Exists? (0.2ms)[0m  [1m[34mSELECT 1 AS one FROM "lists" WHERE "lists"."user_id" = ? LIMIT ?[0m  [["user_id", 1], ["LIMIT", 1]]
  ↳ app/views/lists/_sidebar.html.haml:7
  Rendered lists/_sidebar.html.haml (Duration: 2.3ms | GC: 0.0ms)
  Rendered lists/_lists.html.haml (Duration: 6.0ms | GC: 0.2ms)
  [1m[36mVersion Exists? (0.1ms)[0m  [1m[34mSELECT 1 AS one FROM "versions" WHERE "versions"."whodunnit" = ? AND "versions"."item_type" IN (?, ?, ?, ?, ?) LIMIT ? OFFSET ?[0m  [["whodunnit", "1"], ["item_type", "Account"], ["item_type", "Campaign"], ["item_type", "Contact"], ["item_type", "Lead"], ["item_type", "Opportunity"], ["LIMIT", 1], ["OFFSET", 0]]
  ↳ app/models/polymorphic/version.rb:37:in `recent_for_user'
  Rendered shared/_recently.html.haml (Duration: 1.5ms | GC: 0.0ms)
  Rendered layouts/_sidebar.html.haml (Duration: 8.0ms | GC: 0.2ms)
  Rendered layouts/_tabbed.html.haml (Duration: 9.5ms | GC: 0.2ms)
  Rendered layouts/_about.html.haml (Duration: 0.7ms | GC: 0.3ms)
  Rendered layouts/_footer.html.haml (Duration: 1.1ms | GC: 0.3ms)
  [1m[36mSetting Load (0.1ms)[0m  [1m[34mSELECT "settings".* FROM "settings" WHERE "settings"."name" = ? LIMIT ?[0m  [["name", "base_url"], ["LIMIT", 1]]
  ↳ app/models/setting.rb:61:in `[]'
  Rendered layout layouts/application.html.haml (Duration: 77.2ms | GC: 5.9ms)
Completed 200 OK in 96ms (Views: 76.8ms | ActiveRecord: 3.0ms (17 queries, 0 cached) | GC: 6.8ms)


Started GET "/profile" for ::1 at 2026-04-13 11:46:18 +0000
Processing by UsersController#show as HTML
  [1m[36mUser Load (0.3ms)[0m  [1m[34mSELECT "users".* FROM "users" WHERE "users"."id" = ? ORDER BY "users"."id" ASC LIMIT ?[0m  [["id", 1], ["LIMIT", 1]]
  [1m[36mPreference Load (0.2ms)[0m  [1m[34mSELECT "preferences".* FROM "preferences" WHERE "preferences"."name" = ? AND "preferences"."user_id" = ? LIMIT ?[0m  [["name", "locale"], ["user_id", 1], ["LIMIT", 1]]
  ↳ app/models/users/preference.rb:30:in `[]'
  [1m[36mSetting Load (0.1ms)[0m  [1m[34mSELECT "settings".* FROM "settings" WHERE "settings"."name" = ? LIMIT ?[0m  [["name", "locale"], ["LIMIT", 1]]
  ↳ app/models/setting.rb:61:in `[]'
  [1m[36mSetting Load (0.1ms)[0m  [1m[34mSELECT "settings".* FROM "settings" WHERE "settings"."name" = ? LIMIT ?[0m  [["name", "user_signup"], ["LIMIT", 1]]
  ↳ app/models/setting.rb:61:in `[]'
  Rendering layout layouts/application.html.haml
  Rendering users/show.html.haml within layouts/application
  [1m[36mSetting Load (0.1ms)[0m  [1m[34mSELECT "settings".* FROM "settings" WHERE "settings"."name" = ? LIMIT ?[0m  [["name", "per_user_locale"], ["LIMIT", 1]]
  ↳ app/models/setting.rb:61:in `[]'
  [1m[36mAvatar Load (0.1ms)[0m  [1m[34mSELECT "avatars".* FROM "avatars" WHERE "avatars"."entity_id" = ? AND "avatars"."entity_type" = ? LIMIT ?[0m  [["entity_id", 1], ["entity_type", "User"], ["LIMIT", 1]]
  ↳ app/helpers/application_helper.rb:368:in `avatar_for'
  Rendered users/_user.html.haml (Duration: 3.5ms | GC: 0.0ms)
  Rendered users/show.html.haml within layouts/application (Duration: 4.5ms | GC: 0.0ms)
  Rendered layouts/_jumpbox.html.haml (Duration: 0.4ms | GC: 0.0ms)
  Rendered layouts/_header.html.haml (Duration: 1.2ms | GC: 0.0ms)
  [1m[36mList Exists? (0.2ms)[0m  [1m[34mSELECT 1 AS one FROM "lists" WHERE "lists"."user_id" IS NULL LIMIT ?[0m  [["LIMIT", 1]]
  ↳ app/views/lists/_sidebar.html.haml:7
  Rendered lists/_sidebar.html.haml (Duration: 2.9ms | GC: 0.0ms)
  [1m[36mList Exists? (0.1ms)[0m  [1m[34mSELECT 1 AS one FROM "lists" WHERE "lists"."user_id" = ? LIMIT ?[0m  [["user_id", 1], ["LIMIT", 1]]
  ↳ app/views/lists/_sidebar.html.haml:7
  Rendered lists/_sidebar.html.haml (Duration: 2.9ms | GC: 0.5ms)
  Rendered lists/_lists.html.haml (Duration: 6.3ms | GC: 0.5ms)
  [1m[36mVersion Exists? (0.2ms)[0m  [1m[34mSELECT 1 AS one FROM "versions" WHERE "versions"."whodunnit" = ? AND "versions"."item_type" IN (?, ?, ?, ?, ?) LIMIT ? OFFSET ?[0m  [["whodunnit", "1"], ["item_type", "Account"], ["item_type", "Campaign"], ["item_type", "Contact"], ["item_type", "Lead"], ["item_type", "Opportunity"], ["LIMIT", 1], ["OFFSET", 0]]
  ↳ app/models/polymorphic/version.rb:37:in `recent_for_user'
  Rendered shared/_recently.html.haml (Duration: 1.7ms | GC: 0.0ms)
  Rendered layouts/_sidebar.html.haml (Duration: 8.3ms | GC: 0.5ms)
  Rendered layouts/_tabbed.html.haml (Duration: 10.4ms | GC: 1.0ms)
  Rendered layouts/_about.html.haml (Duration: 0.4ms | GC: 0.0ms)
  Rendered layouts/_footer.html.haml (Duration: 0.7ms | GC: 0.0ms)
  [1m[36mSetting Load (0.1ms)[0m  [1m[34mSELECT "settings".* FROM "settings" WHERE "settings"."name" = ? LIMIT ?[0m  [["name", "base_url"], ["LIMIT", 1]]
  ↳ app/models/setting.rb:61:in `[]'
  Rendered layout layouts/application.html.haml (Duration: 79.5ms | GC: 9.4ms)
Completed 200 OK in 89ms (Views: 79.3ms | ActiveRecord: 1.4ms (10 queries, 0 cached) | GC: 9.4ms)


Started GET "/oauth/applications" for ::1 at 2026-04-13 11:46:19 +0000
Processing by OauthApplicationsController#index as HTML
  [1m[36mUser Load (0.3ms)[0m  [1m[34mSELECT "users".* FROM "users" WHERE "users"."id" = ? ORDER BY "users"."id" ASC LIMIT ?[0m  [["id", 1], ["LIMIT", 1]]
  Rendering layout layouts/application.html.haml
  Rendering oauth_applications/index.html.haml within layouts/application
  [1m[36mDoorkeeper::Application Exists? (0.2ms)[0m  [1m[34mSELECT 1 AS one FROM "oauth_applications" WHERE "oauth_applications"."owner_id" = ? AND "oauth_applications"."owner_type" = ? LIMIT ?[0m  [["owner_id", 1], ["owner_type", "User"], ["LIMIT", 1]]
  ↳ app/views/oauth_applications/index.html.haml:7
  [1m[36mDoorkeeper::Application Load (0.1ms)[0m  [1m[34mSELECT "oauth_applications".* FROM "oauth_applications" WHERE "oauth_applications"."owner_id" = ? AND "oauth_applications"."owner_type" = ?[0m  [["owner_id", 1], ["owner_type", "User"]]
  ↳ app/views/oauth_applications/index.html.haml:16
  Rendered oauth_applications/index.html.haml within layouts/application (Duration: 4.1ms | GC: 0.0ms)
  Rendered layouts/_jumpbox.html.haml (Duration: 0.5ms | GC: 0.0ms)
  Rendered layouts/_header.html.haml (Duration: 1.6ms | GC: 0.3ms)
  [1m[36mList Exists? (0.2ms)[0m  [1m[34mSELECT 1 AS one FROM "lists" WHERE "lists"."user_id" IS NULL LIMIT ?[0m  [["LIMIT", 1]]
  ↳ app/views/lists/_sidebar.html.haml:7
  Rendered lists/_sidebar.html.haml (Duration: 3.4ms | GC: 0.3ms)
  [1m[36mList Exists? (0.2ms)[0m  [1m[34mSELECT 1 AS one FROM "lists" WHERE "lists"."user_id" = ? LIMIT ?[0m  [["user_id", 1], ["LIMIT", 1]]
  ↳ app/views/lists/_sidebar.html.haml:7
  Rendered lists/_sidebar.html.haml (Duration: 2.2ms | GC: 0.0ms)
  Rendered lists/_lists.html.haml (Duration: 6.2ms | GC: 0.3ms)
  [1m[36mVersion Exists? (0.5ms)[0m  [1m[34mSELECT 1 AS one FROM "versions" WHERE "versions"."whodunnit" = ? AND "versions"."item_type" IN (?, ?, ?, ?, ?) LIMIT ? OFFSET ?[0m  [["whodunnit", "1"], ["item_type", "Account"], ["item_type", "Campaign"], ["item_type", "Contact"], ["item_type", "Lead"], ["item_type", "Opportunity"], ["LIMIT", 1], ["OFFSET", 0]]
  ↳ app/models/polymorphic/version.rb:37:in `recent_for_user'
  Rendered shared/_recently.html.haml (Duration: 2.0ms | GC: 0.3ms)
  Rendered layouts/_sidebar.html.haml (Duration: 8.6ms | GC: 0.6ms)
  Rendered layouts/_tabbed.html.haml (Duration: 10.1ms | GC: 0.6ms)
  Rendered layouts/_about.html.haml (Duration: 0.4ms | GC: 0.0ms)
  Rendered layouts/_footer.html.haml (Duration: 1.0ms | GC: 0.0ms)
  Rendered layout layouts/application.html.haml (Duration: 74.3ms | GC: 6.6ms)
Completed 200 OK in 80ms (Views: 73.8ms | ActiveRecord: 1.4ms (6 queries, 0 cached) | GC: 7.3ms)


Started GET "/oauth/applications/new" for ::1 at 2026-04-13 11:46:20 +0000
Processing by OauthApplicationsController#new as HTML
  [1m[36mUser Load (0.3ms)[0m  [1m[34mSELECT "users".* FROM "users" WHERE "users"."id" = ? ORDER BY "users"."id" ASC LIMIT ?[0m  [["id", 1], ["LIMIT", 1]]
  Rendering layout layouts/application.html.haml
  Rendering oauth_applications/new.html.haml within layouts/application
  Rendered oauth_applications/_form.html.haml (Duration: 2.1ms | GC: 0.0ms)
  Rendered oauth_applications/new.html.haml within layouts/application (Duration: 2.8ms | GC: 0.0ms)
  Rendered layouts/_jumpbox.html.haml (Duration: 0.4ms | GC: 0.0ms)
  Rendered layouts/_header.html.haml (Duration: 1.2ms | GC: 0.0ms)
  [1m[36mList Exists? (0.2ms)[0m  [1m[34mSELECT 1 AS one FROM "lists" WHERE "lists"."user_id" IS NULL LIMIT ?[0m  [["LIMIT", 1]]
  ↳ app/views/lists/_sidebar.html.haml:7
  Rendered lists/_sidebar.html.haml (Duration: 3.2ms | GC: 0.0ms)
  [1m[36mList Exists? (0.1ms)[0m  [1m[34mSELECT 1 AS one FROM "lists" WHERE "lists"."user_id" = ? LIMIT ?[0m  [["user_id", 1], ["LIMIT", 1]]
  ↳ app/views/lists/_sidebar.html.haml:7
  Rendered lists/_sidebar.html.haml (Duration: 3.0ms | GC: 0.3ms)
  Rendered lists/_lists.html.haml (Duration: 6.7ms | GC: 0.3ms)
  [1m[36mVersion Exists? (0.2ms)[0m  [1m[34mSELECT 1 AS one FROM "versions" WHERE "versions"."whodunnit" = ? AND "versions"."item_type" IN (?, ?, ?, ?, ?) LIMIT ? OFFSET ?[0m  [["whodunnit", "1"], ["item_type", "Account"], ["item_type", "Campaign"], ["item_type", "Contact"], ["item_type", "Lead"], ["item_type", "Opportunity"], ["LIMIT", 1], ["OFFSET", 0]]
  ↳ app/models/polymorphic/version.rb:37:in `recent_for_user'
  Rendered shared/_recently.html.haml (Duration: 1.7ms | GC: 0.0ms)
  Rendered layouts/_sidebar.html.haml (Duration: 9.0ms | GC: 0.3ms)
  Rendered layouts/_tabbed.html.haml (Duration: 10.7ms | GC: 0.5ms)
  Rendered layouts/_about.html.haml (Duration: 0.4ms | GC: 0.0ms)
  Rendered layouts/_footer.html.haml (Duration: 0.7ms | GC: 0.0ms)
  Rendered layout layouts/application.html.haml (Duration: 70.7ms | GC: 3.8ms)
Completed 200 OK in 75ms (Views: 71.1ms | ActiveRecord: 0.8ms (4 queries, 0 cached) | GC: 4.2ms)


Started GET "/users/sign_in" for ::1 at 2026-04-13 11:55:52 +0000
Processing by SessionsController#new as HTML
  [1m[36mSetting Load (1.9ms)[0m  [1m[34mSELECT "settings".* FROM "settings" WHERE "settings"."name" = ? LIMIT ?[0m  [["name", "locale"], ["LIMIT", 1]]
  ↳ app/models/setting.rb:61:in `[]'
  Rendering layout layouts/application.html.haml
  Rendering devise/sessions/new.html.haml within layouts/application
  [1m[36mSetting Load (0.1ms)[0m  [1m[34mSELECT "settings".* FROM "settings" WHERE "settings"."name" = ? LIMIT ?[0m  [["name", "user_signup"], ["LIMIT", 1]]
  ↳ app/models/setting.rb:61:in `[]'
  Rendered devise/sessions/new.html.haml within layouts/application (Duration: 5.1ms | GC: 0.0ms)
  Rendered layouts/_header.html.haml (Duration: 0.6ms | GC: 0.0ms)
  Rendered layouts/_about.html.haml (Duration: 0.4ms | GC: 0.0ms)
  Rendered layouts/_footer.html.haml (Duration: 0.8ms | GC: 0.0ms)
  Rendered layouts/_tabless.html.haml (Duration: 1.0ms | GC: 0.0ms)
  [1m[36mSetting Load (0.2ms)[0m  [1m[34mSELECT "settings".* FROM "settings" WHERE "settings"."name" = ? LIMIT ?[0m  [["name", "base_url"], ["LIMIT", 1]]
  ↳ app/models/setting.rb:61:in `[]'
  Rendered layout layouts/application.html.haml (Duration: 64.7ms | GC: 0.4ms)
Completed 200 OK in 70ms (Views: 65.1ms | ActiveRecord: 2.2ms (3 queries, 0 cached) | GC: 0.4ms)


Started GET "/home/timezone?offset=0" for ::1 at 2026-04-13 11:55:52 +0000
Processing by HomeController#timezone as */*
  Parameters: {"offset"=>"0"}
  [1m[36mSetting Load (0.2ms)[0m  [1m[34mSELECT "settings".* FROM "settings" WHERE "settings"."name" = ? LIMIT ?[0m  [["name", "locale"], ["LIMIT", 1]]
  ↳ app/models/setting.rb:61:in `[]'
Completed 200 OK in 3ms (ActiveRecord: 0.2ms (1 query, 0 cached) | GC: 0.0ms)


Started POST "/users/sign_in" for ::1 at 2026-04-13 11:55:53 +0000
Processing by SessionsController#create as HTML
  Parameters: {"authenticity_token"=>"[FILTERED]", "user"=>{"email"=>"admin@example.com", "password"=>"[FILTERED]", "remember_me"=>"0"}, "commit"=>"Login"}
  [1m[36mUser Load (0.4ms)[0m  [1m[34mSELECT "users".* FROM "users" WHERE (lower(username) = ? OR lower(email) = ?) ORDER BY "users"."id" ASC LIMIT ?[0m  [[nil, "admin@example.com"], [nil, "admin@example.com"], ["LIMIT", 1]]
  ↳ app/models/users/user.rb:219:in `find_for_database_authentication'
  [1m[36mTRANSACTION (0.1ms)[0m  [1m[36mBEGIN immediate TRANSACTION[0m
  ↳ app/controllers/application_controller.rb:233:in `current_user'
  [1m[36mUser Update (1.2ms)[0m  [1m[33mUPDATE "users" SET "last_sign_in_at" = ?, "current_sign_in_at" = ?, "sign_in_count" = ?, "updated_at" = ? WHERE "users"."id" = ?[0m  [["last_sign_in_at", "2026-04-13 11:46:16.890438"], ["current_sign_in_at", "2026-04-13 11:55:53.502385"], ["sign_in_count", 10], ["updated_at", "2026-04-13 11:55:53.502844"], ["id", 1]]
  ↳ app/controllers/application_controller.rb:233:in `current_user'
  [1m[36mVersion Create (0.2ms)[0m  [1m[32mINSERT INTO "versions" ("item_type", "item_id", "event", "whodunnit", "object", "created_at", "object_changes", "related_id", "related_type", "transaction_id") VALUES (?, ?, ?, ?, ?, ?, ?, ?, ?, ?) RETURNING "id"[0m  [["item_type", "User"], ["item_id", 1], ["event", "update"], ["whodunnit", nil], ["object", "---\nlast_sign_in_at: 2026-04-13 11:43:55.596244000 Z\ncurrent_sign_in_at: 2026-04-13 11:46:16.890438000 Z\nlast_sign_in_ip: \"::1\"\ncurrent_sign_in_ip: \"::1\"\nsign_in_count: 9\nid: 1\nusername: admin\nemail: admin@example.com\nfirst_name:\nlast_name:\ntitle:\ncompany:\nalt_email:\nphone:\nmobile:\ngoogle:\nencrypted_password: 5ac7e2049cbb991f1c9f3cf876402b8d3028751ed5037021fafc1ca9ecadf2d16e287335650d809701bc716ebcd0f0db683151bcb14be775dc1959ddc70343da\npassword_salt: 1QnD2cEw2W1da6H9CzWq\ndeleted_at:\ncreated_at: 2026-04-13 11:30:01.303298000 Z\nupdated_at: 2026-04-13 11:46:16.890905000 Z\nadmin: true\nsuspended_at:\nunconfirmed_email:\nreset_password_token:\nreset_password_sent_at:\nremember_token:\nremember_created_at:\nauthentication_token:\nconfirmation_token:\nconfirmed_at: 2026-04-13 11:30:01.268887000 Z\nconfirmation_sent_at:\nsubscribe_to_comment_replies: true\nreceive_assigned_notifications: true\nzoom:\nteams:\nsignal:\ninstagram:\nfacebook:\nmastodon:\nbluesky:\ntwitter:\nlinkedin:\nblog:\n"], ["created_at", "2026-04-13 11:55:53.502844"], ["object_changes", "---\ncurrent_sign_in_at:\n- 2026-04-13 11:46:16.890438000 Z\n- 2026-04-13 11:55:53.502385205 Z\nsign_in_count:\n- 9\n- 10\nupdated_at:\n- 2026-04-13 11:46:16.890905000 Z\n- 2026-04-13 11:55:53.502844438 Z\n"], ["related_id", nil], ["related_type", nil], ["transaction_id", nil]]
  ↳ app/controllers/application_controller.rb:233:in `current_user'
  [1m[36mTRANSACTION (1.6ms)[0m  [1m[36mCOMMIT TRANSACTION[0m
  ↳ app/controllers/application_controller.rb:233:in `current_user'
  [1m[36mPreference Load (0.2ms)[0m  [1m[34mSELECT "preferences".* FROM "preferences" WHERE "preferences"."name" = ? AND "preferences"."user_id" = ? LIMIT ?[0m  [["name", "locale"], ["user_id", 1], ["LIMIT", 1]]
  ↳ app/models/users/preference.rb:30:in `[]'
  [1m[36mSetting Load (0.1ms)[0m  [1m[34mSELECT "settings".* FROM "settings" WHERE "settings"."name" = ? LIMIT ?[0m  [["name", "locale"], ["LIMIT", 1]]
  ↳ app/models/setting.rb:61:in `[]'
Redirected to http://localhost:3000/
Completed 302 Found in 20ms (ActiveRecord: 3.7ms (5 queries, 0 cached) | GC: 1.2ms)


Started GET "/" for ::1 at 2026-04-13 11:55:53 +0000
Processing by HomeController#index as HTML
  [1m[36mUser Load (0.4ms)[0m  [1m[34mSELECT "users".* FROM "users" WHERE "users"."id" = ? ORDER BY "users"."id" ASC LIMIT ?[0m  [["id", 1], ["LIMIT", 1]]
  [1m[36mPreference Load (0.1ms)[0m  [1m[34mSELECT "preferences".* FROM "preferences" WHERE "preferences"."name" = ? AND "preferences"."user_id" = ? LIMIT ?[0m  [["name", "locale"], ["user_id", 1], ["LIMIT", 1]]
  ↳ app/models/users/preference.rb:30:in `[]'
  [1m[36mSetting Load (0.1ms)[0m  [1m[34mSELECT "settings".* FROM "settings" WHERE "settings"."name" = ? LIMIT ?[0m  [["name", "locale"], ["LIMIT", 1]]
  ↳ app/models/setting.rb:61:in `[]'
  [1m[36mPreference Load (0.1ms)[0m  [1m[34mSELECT "preferences".* FROM "preferences" WHERE "preferences"."name" = ? AND "preferences"."user_id" = ? LIMIT ?[0m  [["name", "activity_asset"], ["user_id", 1], ["LIMIT", 1]]
  ↳ app/models/users/preference.rb:30:in `[]'
  [1m[36mPreference Load (0.1ms)[0m  [1m[34mSELECT "preferences".* FROM "preferences" WHERE "preferences"."name" = ? AND "preferences"."user_id" = ? LIMIT ?[0m  [["name", "activity_event"], ["user_id", 1], ["LIMIT", 1]]
  ↳ app/models/users/preference.rb:30:in `[]'
  [1m[36mPreference Load (0.1ms)[0m  [1m[34mSELECT "preferences".* FROM "preferences" WHERE "preferences"."name" = ? AND "preferences"."user_id" = ? LIMIT ?[0m  [["name", "activity_user"], ["user_id", 1], ["LIMIT", 1]]
  ↳ app/models/users/preference.rb:30:in `[]'
  [1m[36mPreference Load (0.1ms)[0m  [1m[34mSELECT "preferences".* FROM "preferences" WHERE "preferences"."name" = ? AND "preferences"."user_id" = ? LIMIT ?[0m  [["name", "activity_duration"], ["user_id", 1], ["LIMIT", 1]]
  ↳ app/models/users/preference.rb:30:in `[]'
  [1m[36mVersion Load (0.2ms)[0m  [1m[34mSELECT "versions".* FROM "versions" WHERE (versions.created_at >= ?) ORDER BY created_at DESC LIMIT ?[0m  [[nil, "2026-04-11 11:55:53.547904"], ["LIMIT", 500]]
  ↳ app/models/polymorphic/version.rb:66:in `visible_to'
  [1m[36mUser Load (0.3ms)[0m  [1m[34mSELECT "users".* FROM "users" WHERE "users"."id" = ?[0m  [["id", nil]]
  ↳ app/models/polymorphic/version.rb:66:in `visible_to'
  [1m[36mUser Load (0.1ms)[0m  [1m[34mSELECT "users".* FROM "users" WHERE "users"."id" = ?[0m  [["id", 1]]
  ↳ app/models/polymorphic/version.rb:66:in `visible_to'
  Rendering layout layouts/application.html.haml
  Rendering home/index.html.haml within layouts/application
  Rendered shared/_inline_styles.html.haml (Duration: 0.1ms | GC: 0.0ms)
  [1m[36mTask Exists? (0.1ms)[0m  [1m[34mSELECT 1 AS one FROM "tasks" WHERE ((user_id = ? AND assigned_to IS NULL) OR assigned_to = ?) AND (completed_at IS NULL) LIMIT ?[0m  [[nil, 1], [nil, 1], ["LIMIT", 1]]
  ↳ app/views/home/index.html.haml:7
  [1m[36mOpportunity Exists? (0.1ms)[0m  [1m[34mSELECT 1 AS one FROM "opportunities" WHERE ((user_id = ? AND assigned_to IS NULL) OR assigned_to = ?) AND (opportunities.stage != 'won') AND (opportunities.stage != 'lost') LIMIT ?[0m  [[nil, 1], [nil, 1], ["LIMIT", 1]]
  ↳ app/views/home/index.html.haml:16
  [1m[36mAccount Exists? (0.1ms)[0m  [1m[34mSELECT 1 AS one FROM "accounts" WHERE ((user_id = ? AND assigned_to IS NULL) OR assigned_to = ?) LIMIT ?[0m  [[nil, 1], [nil, 1], ["LIMIT", 1]]
  ↳ app/views/home/index.html.haml:25
  Rendered collection of home/_activity.html.haml [11 times] (Duration: 1.6ms | GC: 0.0ms)
  Rendered shared/_export.html.haml (Duration: 0.8ms | GC: 0.0ms)
  Rendered home/index.html.haml within layouts/application (Duration: 8.6ms | GC: 0.7ms)
  Rendered layouts/_jumpbox.html.haml (Duration: 0.4ms | GC: 0.0ms)
  Rendered layouts/_header.html.haml (Duration: 1.7ms | GC: 0.6ms)
  [1m[36mList Exists? (0.2ms)[0m  [1m[34mSELECT 1 AS one FROM "lists" WHERE "lists"."user_id" IS NULL LIMIT ?[0m  [["LIMIT", 1]]
  ↳ app/views/lists/_sidebar.html.haml:7
  Rendered lists/_sidebar.html.haml (Duration: 3.6ms | GC: 0.3ms)
  [1m[36mList Exists? (0.1ms)[0m  [1m[34mSELECT 1 AS one FROM "lists" WHERE "lists"."user_id" = ? LIMIT ?[0m  [["user_id", 1], ["LIMIT", 1]]
  ↳ app/views/lists/_sidebar.html.haml:7
  Rendered lists/_sidebar.html.haml (Duration: 2.4ms | GC: 0.0ms)
  Rendered lists/_lists.html.haml (Duration: 6.7ms | GC: 0.3ms)
  [1m[36mVersion Exists? (0.2ms)[0m  [1m[34mSELECT 1 AS one FROM "versions" WHERE "versions"."whodunnit" = ? AND "versions"."item_type" IN (?, ?, ?, ?, ?) LIMIT ? OFFSET ?[0m  [["whodunnit", "1"], ["item_type", "Account"], ["item_type", "Campaign"], ["item_type", "Contact"], ["item_type", "Lead"], ["item_type", "Opportunity"], ["LIMIT", 1], ["OFFSET", 0]]
  ↳ app/models/polymorphic/version.rb:37:in `recent_for_user'
  Rendered shared/_recently.html.haml (Duration: 1.6ms | GC: 0.0ms)
  Rendered layouts/_sidebar.html.haml (Duration: 8.7ms | GC: 0.3ms)
  Rendered layouts/_tabbed.html.haml (Duration: 10.7ms | GC: 0.6ms)
  Rendered layouts/_about.html.haml (Duration: 0.4ms | GC: 0.0ms)
  Rendered layouts/_footer.html.haml (Duration: 0.7ms | GC: 0.0ms)
  [1m[36mSetting Load (0.1ms)[0m  [1m[34mSELECT "settings".* FROM "settings" WHERE "settings"."name" = ? LIMIT ?[0m  [["name", "base_url"], ["LIMIT", 1]]
  ↳ app/models/setting.rb:61:in `[]'
  Rendered layout layouts/application.html.haml (Duration: 78.6ms | GC: 6.2ms)
Completed 200 OK in 98ms (Views: 78.3ms | ActiveRecord: 2.4ms (17 queries, 0 cached) | GC: 8.5ms)


Started GET "/profile" for ::1 at 2026-04-13 11:55:54 +0000
Processing by UsersController#show as HTML
  [1m[36mUser Load (0.3ms)[0m  [1m[34mSELECT "users".* FROM "users" WHERE "users"."id" = ? ORDER BY "users"."id" ASC LIMIT ?[0m  [["id", 1], ["LIMIT", 1]]
  [1m[36mPreference Load (0.2ms)[0m  [1m[34mSELECT "preferences".* FROM "preferences" WHERE "preferences"."name" = ? AND "preferences"."user_id" = ? LIMIT ?[0m  [["name", "locale"], ["user_id", 1], ["LIMIT", 1]]
  ↳ app/models/users/preference.rb:30:in `[]'
  [1m[36mSetting Load (0.1ms)[0m  [1m[34mSELECT "settings".* FROM "settings" WHERE "settings"."name" = ? LIMIT ?[0m  [["name", "locale"], ["LIMIT", 1]]
  ↳ app/models/setting.rb:61:in `[]'
  [1m[36mSetting Load (0.1ms)[0m  [1m[34mSELECT "settings".* FROM "settings" WHERE "settings"."name" = ? LIMIT ?[0m  [["name", "user_signup"], ["LIMIT", 1]]
  ↳ app/models/setting.rb:61:in `[]'
  Rendering layout layouts/application.html.haml
  Rendering users/show.html.haml within layouts/application
  [1m[36mSetting Load (0.1ms)[0m  [1m[34mSELECT "settings".* FROM "settings" WHERE "settings"."name" = ? LIMIT ?[0m  [["name", "per_user_locale"], ["LIMIT", 1]]
  ↳ app/models/setting.rb:61:in `[]'
  [1m[36mAvatar Load (0.3ms)[0m  [1m[34mSELECT "avatars".* FROM "avatars" WHERE "avatars"."entity_id" = ? AND "avatars"."entity_type" = ? LIMIT ?[0m  [["entity_id", 1], ["entity_type", "User"], ["LIMIT", 1]]
  ↳ app/helpers/application_helper.rb:368:in `avatar_for'
  Rendered users/_user.html.haml (Duration: 4.0ms | GC: 0.2ms)
  Rendered users/show.html.haml within layouts/application (Duration: 5.1ms | GC: 0.2ms)
  Rendered layouts/_jumpbox.html.haml (Duration: 0.7ms | GC: 0.0ms)
  Rendered layouts/_header.html.haml (Duration: 1.6ms | GC: 0.0ms)
  [1m[36mList Exists? (0.2ms)[0m  [1m[34mSELECT 1 AS one FROM "lists" WHERE "lists"."user_id" IS NULL LIMIT ?[0m  [["LIMIT", 1]]
  ↳ app/views/lists/_sidebar.html.haml:7
  Rendered lists/_sidebar.html.haml (Duration: 3.1ms | GC: 0.0ms)
  [1m[36mList Exists? (0.2ms)[0m  [1m[34mSELECT 1 AS one FROM "lists" WHERE "lists"."user_id" = ? LIMIT ?[0m  [["user_id", 1], ["LIMIT", 1]]
  ↳ app/views/lists/_sidebar.html.haml:7
  Rendered lists/_sidebar.html.haml (Duration: 2.5ms | GC: 0.0ms)
  Rendered lists/_lists.html.haml (Duration: 6.8ms | GC: 0.5ms)
  [1m[36mVersion Exists? (0.2ms)[0m  [1m[34mSELECT 1 AS one FROM "versions" WHERE "versions"."whodunnit" = ? AND "versions"."item_type" IN (?, ?, ?, ?, ?) LIMIT ? OFFSET ?[0m  [["whodunnit", "1"], ["item_type", "Account"], ["item_type", "Campaign"], ["item_type", "Contact"], ["item_type", "Lead"], ["item_type", "Opportunity"], ["LIMIT", 1], ["OFFSET", 0]]
  ↳ app/models/polymorphic/version.rb:37:in `recent_for_user'
  Rendered shared/_recently.html.haml (Duration: 1.8ms | GC: 0.0ms)
  Rendered layouts/_sidebar.html.haml (Duration: 9.0ms | GC: 0.5ms)
  Rendered layouts/_tabbed.html.haml (Duration: 10.3ms | GC: 0.5ms)
  Rendered layouts/_about.html.haml (Duration: 0.4ms | GC: 0.0ms)
  Rendered layouts/_footer.html.haml (Duration: 0.7ms | GC: 0.0ms)
  [1m[36mSetting Load (0.1ms)[0m  [1m[34mSELECT "settings".* FROM "settings" WHERE "settings"."name" = ? LIMIT ?[0m  [["name", "base_url"], ["LIMIT", 1]]
  ↳ app/models/setting.rb:61:in `[]'
  Rendered layout layouts/application.html.haml (Duration: 75.1ms | GC: 5.4ms)
Completed 200 OK in 86ms (Views: 74.6ms | ActiveRecord: 1.7ms (10 queries, 0 cached) | GC: 5.6ms)


Started GET "/oauth/applications" for ::1 at 2026-04-13 11:55:56 +0000
Processing by OauthApplicationsController#index as HTML
  [1m[36mUser Load (0.3ms)[0m  [1m[34mSELECT "users".* FROM "users" WHERE "users"."id" = ? ORDER BY "users"."id" ASC LIMIT ?[0m  [["id", 1], ["LIMIT", 1]]
  Rendering layout layouts/application.html.haml
  Rendering oauth_applications/index.html.haml within layouts/application
  [1m[36mDoorkeeper::Application Exists? (0.2ms)[0m  [1m[34mSELECT 1 AS one FROM "oauth_applications" WHERE "oauth_applications"."owner_id" = ? AND "oauth_applications"."owner_type" = ? LIMIT ?[0m  [["owner_id", 1], ["owner_type", "User"], ["LIMIT", 1]]
  ↳ app/views/oauth_applications/index.html.haml:7
  [1m[36mDoorkeeper::Application Load (0.2ms)[0m  [1m[34mSELECT "oauth_applications".* FROM "oauth_applications" WHERE "oauth_applications"."owner_id" = ? AND "oauth_applications"."owner_type" = ?[0m  [["owner_id", 1], ["owner_type", "User"]]
  ↳ app/views/oauth_applications/index.html.haml:16
  Rendered oauth_applications/index.html.haml within layouts/application (Duration: 4.3ms | GC: 0.0ms)
  Rendered layouts/_jumpbox.html.haml (Duration: 0.6ms | GC: 0.0ms)
  Rendered layouts/_header.html.haml (Duration: 2.0ms | GC: 0.5ms)
  [1m[36mList Exists? (0.2ms)[0m  [1m[34mSELECT 1 AS one FROM "lists" WHERE "lists"."user_id" IS NULL LIMIT ?[0m  [["LIMIT", 1]]
  ↳ app/views/lists/_sidebar.html.haml:7
  Rendered lists/_sidebar.html.haml (Duration: 3.7ms | GC: 0.5ms)
  [1m[36mList Exists? (0.1ms)[0m  [1m[34mSELECT 1 AS one FROM "lists" WHERE "lists"."user_id" = ? LIMIT ?[0m  [["user_id", 1], ["LIMIT", 1]]
  ↳ app/views/lists/_sidebar.html.haml:7
  Rendered lists/_sidebar.html.haml (Duration: 2.4ms | GC: 0.0ms)
  Rendered lists/_lists.html.haml (Duration: 6.7ms | GC: 0.5ms)
  [1m[36mVersion Exists? (0.3ms)[0m  [1m[34mSELECT 1 AS one FROM "versions" WHERE "versions"."whodunnit" = ? AND "versions"."item_type" IN (?, ?, ?, ?, ?) LIMIT ? OFFSET ?[0m  [["whodunnit", "1"], ["item_type", "Account"], ["item_type", "Campaign"], ["item_type", "Contact"], ["item_type", "Lead"], ["item_type", "Opportunity"], ["LIMIT", 1], ["OFFSET", 0]]
  ↳ app/models/polymorphic/version.rb:37:in `recent_for_user'
  Rendered shared/_recently.html.haml (Duration: 1.8ms | GC: 0.0ms)
  Rendered layouts/_sidebar.html.haml (Duration: 9.6ms | GC: 1.1ms)
  Rendered layouts/_tabbed.html.haml (Duration: 11.0ms | GC: 1.1ms)
  Rendered layouts/_about.html.haml (Duration: 0.4ms | GC: 0.0ms)
  Rendered layouts/_footer.html.haml (Duration: 0.8ms | GC: 0.0ms)
  Rendered layout layouts/application.html.haml (Duration: 75.9ms | GC: 8.2ms)
Completed 200 OK in 80ms (Views: 75.4ms | ActiveRecord: 1.2ms (6 queries, 0 cached) | GC: 8.2ms)


Started GET "/oauth/applications/new" for ::1 at 2026-04-13 11:55:57 +0000
Processing by OauthApplicationsController#new as HTML
  [1m[36mUser Load (0.4ms)[0m  [1m[34mSELECT "users".* FROM "users" WHERE "users"."id" = ? ORDER BY "users"."id" ASC LIMIT ?[0m  [["id", 1], ["LIMIT", 1]]
  Rendering layout layouts/application.html.haml
  Rendering oauth_applications/new.html.haml within layouts/application
  Rendered oauth_applications/_form.html.haml (Duration: 2.5ms | GC: 0.0ms)
  Rendered oauth_applications/new.html.haml within layouts/application (Duration: 3.1ms | GC: 0.0ms)
  Rendered layouts/_jumpbox.html.haml (Duration: 0.5ms | GC: 0.0ms)
  Rendered layouts/_header.html.haml (Duration: 1.2ms | GC: 0.0ms)
  [1m[36mList Exists? (0.2ms)[0m  [1m[34mSELECT 1 AS one FROM "lists" WHERE "lists"."user_id" IS NULL LIMIT ?[0m  [["LIMIT", 1]]
  ↳ app/views/lists/_sidebar.html.haml:7
  Rendered lists/_sidebar.html.haml (Duration: 3.4ms | GC: 0.3ms)
  [1m[36mList Exists? (0.1ms)[0m  [1m[34mSELECT 1 AS one FROM "lists" WHERE "lists"."user_id" = ? LIMIT ?[0m  [["user_id", 1], ["LIMIT", 1]]
  ↳ app/views/lists/_sidebar.html.haml:7
  Rendered lists/_sidebar.html.haml (Duration: 2.5ms | GC: 0.0ms)
  Rendered lists/_lists.html.haml (Duration: 6.6ms | GC: 0.3ms)
  [1m[36mVersion Exists? (0.2ms)[0m  [1m[34mSELECT 1 AS one FROM "versions" WHERE "versions"."whodunnit" = ? AND "versions"."item_type" IN (?, ?, ?, ?, ?) LIMIT ? OFFSET ?[0m  [["whodunnit", "1"], ["item_type", "Account"], ["item_type", "Campaign"], ["item_type", "Contact"], ["item_type", "Lead"], ["item_type", "Opportunity"], ["LIMIT", 1], ["OFFSET", 0]]
  ↳ app/models/polymorphic/version.rb:37:in `recent_for_user'
  Rendered shared/_recently.html.haml (Duration: 1.7ms | GC: 0.0ms)
  Rendered layouts/_sidebar.html.haml (Duration: 8.9ms | GC: 0.3ms)
  Rendered layouts/_tabbed.html.haml (Duration: 10.3ms | GC: 0.3ms)
  Rendered layouts/_about.html.haml (Duration: 0.5ms | GC: 0.0ms)
  Rendered layouts/_footer.html.haml (Duration: 1.4ms | GC: 0.2ms)
  Rendered layout layouts/application.html.haml (Duration: 75.0ms | GC: 6.5ms)
Completed 200 OK in 80ms (Views: 75.0ms | ActiveRecord: 0.8ms (4 queries, 0 cached) | GC: 7.0ms)


Started POST "/oauth/applications" for ::1 at 2026-04-13 11:55:58 +0000
Processing by OauthApplicationsController#create as HTML
  Parameters: {"authenticity_token"=>"[FILTERED]", "doorkeeper_application"=>{"name"=>"My Test App", "redirect_uri"=>"https://example.com", "scopes"=>"", "confidential"=>"1"}, "commit"=>"Submit"}
  [1m[36mUser Load (0.3ms)[0m  [1m[34mSELECT "users".* FROM "users" WHERE "users"."id" = ? ORDER BY "users"."id" ASC LIMIT ?[0m  [["id", 1], ["LIMIT", 1]]
  [1m[36mTRANSACTION (0.1ms)[0m  [1m[36mBEGIN immediate TRANSACTION[0m
  ↳ app/controllers/oauth_applications_controller.rb:15:in `create'
  [1m[36mDoorkeeper::Application Exists? (1.4ms)[0m  [1m[34mSELECT 1 AS one FROM "oauth_applications" WHERE "oauth_applications"."uid" = ? LIMIT ?[0m  [["uid", "MOG8BCRUYVxGUTy9-vGHESPbPSAn61lAkwDJdiAuizA"], ["LIMIT", 1]]
  ↳ app/controllers/oauth_applications_controller.rb:15:in `create'
  [1m[36mDoorkeeper::Application Create (0.3ms)[0m  [1m[32mINSERT INTO "oauth_applications" ("name", "uid", "secret", "redirect_uri", "scopes", "confidential", "created_at", "updated_at", "owner_id", "owner_type") VALUES (?, ?, ?, ?, ?, ?, ?, ?, ?, ?) RETURNING "id"[0m  [["name", "My Test App"], ["uid", "MOG8BCRUYVxGUTy9-vGHESPbPSAn61lAkwDJdiAuizA"], ["secret", "yCMUEeDM6ND2NhViYj_NEVIk_6MQl3Wc3fFlG0Cxc4c"], ["redirect_uri", "https://example.com"], ["scopes", ""], ["confidential", 1], ["created_at", "2026-04-13 11:55:58.602075"], ["updated_at", "2026-04-13 11:55:58.602075"], ["owner_id", 1], ["owner_type", "User"]]
  ↳ app/controllers/oauth_applications_controller.rb:15:in `create'
  [1m[36mTRANSACTION (0.1ms)[0m  [1m[36mCOMMIT TRANSACTION[0m
  ↳ app/controllers/oauth_applications_controller.rb:15:in `create'
Redirected to http://localhost:3000/oauth/applications/5
Completed 302 Found in 12ms (ActiveRecord: 2.1ms (3 queries, 0 cached) | GC: 0.3ms)


Started GET "/oauth/applications/5" for ::1 at 2026-04-13 11:55:58 +0000
Processing by OauthApplicationsController#show as HTML
  Parameters: {"id"=>"5"}
  [1m[36mUser Load (0.3ms)[0m  [1m[34mSELECT "users".* FROM "users" WHERE "users"."id" = ? ORDER BY "users"."id" ASC LIMIT ?[0m  [["id", 1], ["LIMIT", 1]]
  [1m[36mDoorkeeper::Application Load (0.4ms)[0m  [1m[34mSELECT "oauth_applications".* FROM "oauth_applications" WHERE "oauth_applications"."owner_id" = ? AND "oauth_applications"."owner_type" = ? AND "oauth_applications"."id" = ? LIMIT ?[0m  [["owner_id", 1], ["owner_type", "User"], ["id", 5], ["LIMIT", 1]]
  ↳ app/controllers/oauth_applications_controller.rb:26:in `set_application'
  Rendering layout layouts/application.html.haml
  Rendering oauth_applications/show.html.haml within layouts/application
  Rendered oauth_applications/show.html.haml within layouts/application (Duration: 7.8ms | GC: 1.1ms)
  Rendered layouts/_jumpbox.html.haml (Duration: 0.5ms | GC: 0.0ms)
  Rendered layouts/_header.html.haml (Duration: 1.2ms | GC: 0.0ms)
  [1m[36mList Exists? (0.2ms)[0m  [1m[34mSELECT 1 AS one FROM "lists" WHERE "lists"."user_id" IS NULL LIMIT ?[0m  [["LIMIT", 1]]
  ↳ app/views/lists/_sidebar.html.haml:7
  Rendered lists/_sidebar.html.haml (Duration: 3.5ms | GC: 0.0ms)
  [1m[36mList Exists? (0.2ms)[0m  [1m[34mSELECT 1 AS one FROM "lists" WHERE "lists"."user_id" = ? LIMIT ?[0m  [["user_id", 1], ["LIMIT", 1]]
  ↳ app/views/lists/_sidebar.html.haml:7
  Rendered lists/_sidebar.html.haml (Duration: 3.0ms | GC: 0.4ms)
  Rendered lists/_lists.html.haml (Duration: 7.1ms | GC: 0.4ms)
  [1m[36mVersion Exists? (0.2ms)[0m  [1m[34mSELECT 1 AS one FROM "versions" WHERE "versions"."whodunnit" = ? AND "versions"."item_type" IN (?, ?, ?, ?, ?) LIMIT ? OFFSET ?[0m  [["whodunnit", "1"], ["item_type", "Account"], ["item_type", "Campaign"], ["item_type", "Contact"], ["item_type", "Lead"], ["item_type", "Opportunity"], ["LIMIT", 1], ["OFFSET", 0]]
  ↳ app/models/polymorphic/version.rb:37:in `recent_for_user'
  Rendered shared/_recently.html.haml (Duration: 1.8ms | GC: 0.0ms)
  Rendered layouts/_sidebar.html.haml (Duration: 9.2ms | GC: 0.4ms)
  Rendered layouts/_tabbed.html.haml (Duration: 11.0ms | GC: 0.6ms)
  Rendered layouts/_about.html.haml (Duration: 0.4ms | GC: 0.0ms)
  Rendered layouts/_footer.html.haml (Duration: 0.8ms | GC: 0.0ms)
  Rendered layout layouts/application.html.haml (Duration: 78.4ms | GC: 4.7ms)
Completed 200 OK in 86ms (Views: 78.3ms | ActiveRecord: 1.2ms (5 queries, 0 cached) | GC: 5.1ms)


Started GET "/admin/oauth_applications" for ::1 at 2026-04-13 11:55:59 +0000
Processing by Admin::OauthApplicationsController#index as HTML
  [1m[36mUser Load (0.4ms)[0m  [1m[34mSELECT "users".* FROM "users" WHERE "users"."id" = ? ORDER BY "users"."id" ASC LIMIT ?[0m  [["id", 1], ["LIMIT", 1]]
  Rendering layout layouts/admin/application.html.haml
  Rendering admin/oauth_applications/index.html.haml within layouts/admin/application
  [1m[36mDoorkeeper::Application Load (0.3ms)[0m  [1m[34mSELECT "oauth_applications".* FROM "oauth_applications"[0m
  ↳ app/views/admin/oauth_applications/index.html.haml:16
  [1m[36mUser Load (0.3ms)[0m  [1m[34mSELECT "users".* FROM "users" WHERE "users"."id" = ? LIMIT ?[0m  [["id", 1], ["LIMIT", 1]]
  ↳ app/views/admin/oauth_applications/index.html.haml:20
  [1m[36mCACHE User Load (0.0ms)[0m  [1m[34mSELECT "users".* FROM "users" WHERE "users"."id" = ? LIMIT ?[0m  [["id", 1], ["LIMIT", 1]]
  ↳ app/views/admin/oauth_applications/index.html.haml:20
  [1m[36mCACHE User Load (0.0ms)[0m  [1m[34mSELECT "users".* FROM "users" WHERE "users"."id" = ? LIMIT ?[0m  [["id", 1], ["LIMIT", 1]]
  ↳ app/views/admin/oauth_applications/index.html.haml:20
  Rendered admin/oauth_applications/index.html.haml within layouts/admin/application (Duration: 14.5ms | GC: 0.0ms)
  Rendered layouts/_jumpbox.html.haml (Duration: 0.4ms | GC: 0.0ms)
  Rendered layouts/admin/_header.html.haml (Duration: 5.6ms | GC: 0.0ms)
  [1m[36mSetting Load (0.2ms)[0m  [1m[34mSELECT "settings".* FROM "settings" WHERE "settings"."name" = ? LIMIT ?[0m  [["name", "admin_tabs"], ["LIMIT", 1]]
  ↳ app/models/setting.rb:61:in `[]'
  [1m[36mList Exists? (0.2ms)[0m  [1m[34mSELECT 1 AS one FROM "lists" WHERE "lists"."user_id" IS NULL LIMIT ?[0m  [["LIMIT", 1]]
  ↳ app/views/lists/_sidebar.html.haml:7
  Rendered lists/_sidebar.html.haml (Duration: 4.0ms | GC: 0.8ms)
  [1m[36mList Exists? (0.1ms)[0m  [1m[34mSELECT 1 AS one FROM "lists" WHERE "lists"."user_id" = ? LIMIT ?[0m  [["user_id", 1], ["LIMIT", 1]]
  ↳ app/views/lists/_sidebar.html.haml:7
  Rendered lists/_sidebar.html.haml (Duration: 2.3ms | GC: 0.0ms)
  Rendered lists/_lists.html.haml (Duration: 6.9ms | GC: 0.8ms)
  [1m[36mVersion Exists? (0.2ms)[0m  [1m[34mSELECT 1 AS one FROM "versions" WHERE "versions"."whodunnit" = ? AND "versions"."item_type" IN (?, ?, ?, ?, ?) LIMIT ? OFFSET ?[0m  [["whodunnit", "1"], ["item_type", "Account"], ["item_type", "Campaign"], ["item_type", "Contact"], ["item_type", "Lead"], ["item_type", "Opportunity"], ["LIMIT", 1], ["OFFSET", 0]]
  ↳ app/models/polymorphic/version.rb:37:in `recent_for_user'
  Rendered shared/_recently.html.haml (Duration: 2.3ms | GC: 0.6ms)
  Rendered layouts/_sidebar.html.haml (Duration: 10.1ms | GC: 1.4ms)
  Rendered layouts/_tabbed.html.haml (Duration: 19.9ms | GC: 8.0ms)
  Rendered layouts/_about.html.haml (Duration: 0.4ms | GC: 0.0ms)
  Rendered layouts/_footer.html.haml (Duration: 0.8ms | GC: 0.0ms)
  Rendered layout layouts/admin/application.html.haml (Duration: 100.0ms | GC: 8.0ms)
Completed 200 OK in 105ms (Views: 99.9ms | ActiveRecord: 1.6ms (9 queries, 2 cached) | GC: 8.0ms)


[309711] === puma shutdown: 2026-04-13 12:06:44 +0000 ===
[309711] - Goodbye!
[309711] - Gracefully shutting down workers...
Exiting
